-- DATOS DE DEMO: precios + 50 clientes con compras (deudores, mitad y completo).
-- Generado por scratchpad/gen_demo.mjs. Reemplaza clientes/ventas/pagos; conserva herramientas.
PRAGMA defer_foreign_keys = TRUE;
DELETE FROM pagos;
DELETE FROM venta_items;
DELETE FROM movimientos_stock;
DELETE FROM ventas;
DELETE FROM precios_historial;
DELETE FROM clientes;
DELETE FROM sqlite_sequence WHERE name IN ('clientes','ventas','venta_items','pagos','movimientos_stock','precios_historial');

-- Precios, costo y stock de las herramientas
UPDATE herramientas SET precio=950000, precio_mayor=779000, costo=522500, stock=35 WHERE codigo='CF-35';
UPDATE herramientas SET precio=850000, precio_mayor=697000, costo=467500, stock=71 WHERE codigo='CF-30';
UPDATE herramientas SET precio=750000, precio_mayor=615000, costo=412500, stock=50 WHERE codigo='CF-25';
UPDATE herramientas SET precio=550000, precio_mayor=451000, costo=302500, stock=47 WHERE codigo='CF-MINI';
UPDATE herramientas SET precio=1200000, precio_mayor=984000, costo=660000, stock=52 WHERE codigo='MASA-1';
UPDATE herramientas SET precio=1400000, precio_mayor=1148000, costo=770000, stock=45 WHERE codigo='MASA-114';
UPDATE herramientas SET precio=1600000, precio_mayor=1312000, costo=880000, stock=55 WHERE codigo='MASA-112';
UPDATE herramientas SET precio=1900000, precio_mayor=1558000, costo=1045000, stock=85 WHERE codigo='MASA-2';
UPDATE herramientas SET precio=3800000, precio_mayor=3116000, costo=2090000, stock=67 WHERE codigo='MASA-5';
UPDATE herramientas SET precio=450000, precio_mayor=369000, costo=247500, stock=28 WHERE codigo='CLAVO-G';
UPDATE herramientas SET precio=420000, precio_mayor=344400, costo=231000, stock=43 WHERE codigo='CLAVO-M';
UPDATE herramientas SET precio=400000, precio_mayor=328000, costo=220000, stock=85 WHERE codigo='CLAVO-CH';
UPDATE herramientas SET precio=800000, precio_mayor=656000, costo=440000, stock=81 WHERE codigo='CUCH-7';
UPDATE herramientas SET precio=900000, precio_mayor=738000, costo=495000, stock=79 WHERE codigo='CUCH-8';
UPDATE herramientas SET precio=2200000, precio_mayor=1804000, costo=1210000, stock=35 WHERE codigo='HACHA';
UPDATE herramientas SET precio=1500000, precio_mayor=1230000, costo=825000, stock=70 WHERE codigo='HACHITA';
UPDATE herramientas SET precio=1800000, precio_mayor=1476000, costo=990000, stock=15 WHERE codigo='PIQUETA';
UPDATE herramientas SET precio=1600000, precio_mayor=1312000, costo=880000, stock=70 WHERE codigo='HACHUELA';
UPDATE herramientas SET precio=1600000, precio_mayor=1312000, costo=880000, stock=50 WHERE codigo='BARR-60';
UPDATE herramientas SET precio=2100000, precio_mayor=1722000, costo=1155000, stock=16 WHERE codigo='BARR-80';
UPDATE herramientas SET precio=2600000, precio_mayor=2132000, costo=1430000, stock=38 WHERE codigo='BARR-100';
UPDATE herramientas SET precio=3100000, precio_mayor=2542000, costo=1705000, stock=73 WHERE codigo='BARR-120';
UPDATE herramientas SET precio=1200000, precio_mayor=984000, costo=660000, stock=55 WHERE codigo='BARRETON-25';
UPDATE herramientas SET precio=4500000, precio_mayor=3690000, costo=2475000, stock=40 WHERE codigo='RUEDA-HORM';
UPDATE herramientas SET precio=3800000, precio_mayor=3116000, costo=2090000, stock=59 WHERE codigo='RUEDA-CAD';
UPDATE herramientas SET precio=5200000, precio_mayor=4264000, costo=2860000, stock=52 WHERE codigo='RUEDA-MAC';
UPDATE herramientas SET precio=1100000, precio_mayor=902000, costo=605000, stock=83 WHERE codigo='TEN-9';
UPDATE herramientas SET precio=1400000, precio_mayor=1148000, costo=770000, stock=33 WHERE codigo='TEN-12';
UPDATE herramientas SET precio=1300000, precio_mayor=1066000, costo=715000, stock=84 WHERE codigo='GRINFA-6';
UPDATE herramientas SET precio=1500000, precio_mayor=1230000, costo=825000, stock=51 WHERE codigo='GRINFA-8';
UPDATE herramientas SET precio=1800000, precio_mayor=1476000, costo=990000, stock=71 WHERE codigo='GRINFA-10';
UPDATE herramientas SET precio=2200000, precio_mayor=1804000, costo=1210000, stock=31 WHERE codigo='GRINFA-12';
UPDATE herramientas SET precio=2800000, precio_mayor=2296000, costo=1540000, stock=57 WHERE codigo='GRINFA-16';
UPDATE herramientas SET precio=3500000, precio_mayor=2870000, costo=1925000, stock=34 WHERE codigo='GRINFA-20';
UPDATE herramientas SET precio=4200000, precio_mayor=3444000, costo=2310000, stock=70 WHERE codigo='GRINFA-25';
UPDATE herramientas SET precio=2400000, precio_mayor=1968000, costo=1320000, stock=19 WHERE codigo='PICO';
UPDATE herramientas SET precio=1900000, precio_mayor=1558000, costo=1045000, stock=23 WHERE codigo='PALA-CANO';
UPDATE herramientas SET precio=1700000, precio_mayor=1394000, costo=935000, stock=58 WHERE codigo='PALA-MAD';
UPDATE herramientas SET precio=600000, precio_mayor=492000, costo=330000, stock=25 WHERE codigo='CABO-CANO';
UPDATE herramientas SET precio=500000, precio_mayor=410000, costo=275000, stock=65 WHERE codigo='BALDE-ALB';
UPDATE herramientas SET precio=2100000, precio_mayor=1722000, costo=1155000, stock=27 WHERE codigo='PALA-GER';

-- Clientes
INSERT INTO clientes (id, nombre, localidad, telefono, activo) VALUES (1, 'Corralón El Roble', 'Banfield', '11 6969-4812', 1);
INSERT INTO clientes (id, nombre, localidad, telefono, activo) VALUES (2, 'Ferretería La Esquina', 'Vicente López', '11 4230-2634', 1);
INSERT INTO clientes (id, nombre, localidad, telefono, activo) VALUES (3, 'Corralón San Cayetano', 'González Catán', '11 6956-5436', 1);
INSERT INTO clientes (id, nombre, localidad, telefono, activo) VALUES (4, 'Materiales Don José', 'Hurlingham', '11 5972-8103', 1);
INSERT INTO clientes (id, nombre, localidad, telefono, activo) VALUES (5, 'Ferretería El Tornillo', 'Berazategui', '11 6612-1851', 1);
INSERT INTO clientes (id, nombre, localidad, telefono, activo) VALUES (6, 'Corralón La Barreta', 'Morón', '11 6137-3279', 1);
INSERT INTO clientes (id, nombre, localidad, telefono, activo) VALUES (7, 'Ferretería Sur', 'Ciudadela', '11 3657-4664', 1);
INSERT INTO clientes (id, nombre, localidad, telefono, activo) VALUES (8, 'Corralón Norte', 'Tigre', '11 6970-2755', 1);
INSERT INTO clientes (id, nombre, localidad, telefono, activo) VALUES (9, 'Ferretería El Yunque', 'Haedo', '11 4115-2133', 1);
INSERT INTO clientes (id, nombre, localidad, telefono, activo) VALUES (10, 'Corralón Los Andes', 'Hurlingham', '11 4451-9720', 1);
INSERT INTO clientes (id, nombre, localidad, telefono, activo) VALUES (11, 'Materiales El Constructor', 'Castelar', '11 6536-9097', 1);
INSERT INTO clientes (id, nombre, localidad, telefono, activo) VALUES (12, 'Ferretería Industrial Haedo', 'Haedo', '11 6609-5812', 1);
INSERT INTO clientes (id, nombre, localidad, telefono, activo) VALUES (13, 'Sabrina Quiroga', 'Berazategui', '11 5819-1265', 1);
INSERT INTO clientes (id, nombre, localidad, telefono, activo) VALUES (14, 'Juan Ortiz', 'Vicente López', '11 5297-9109', 1);
INSERT INTO clientes (id, nombre, localidad, telefono, activo) VALUES (15, 'Miguel López', 'Berazategui', '11 4110-5838', 1);
INSERT INTO clientes (id, nombre, localidad, telefono, activo) VALUES (16, 'Laura Ojeda', 'Moreno', '11 3518-3692', 1);
INSERT INTO clientes (id, nombre, localidad, telefono, activo) VALUES (17, 'Laura Silva', 'Quilmes', '11 3714-1453', 1);
INSERT INTO clientes (id, nombre, localidad, telefono, activo) VALUES (18, 'Leandro Peralta', 'Ciudadela', '11 4420-4599', 1);
INSERT INTO clientes (id, nombre, localidad, telefono, activo) VALUES (19, 'Laura Acosta', 'Haedo', '11 3774-9588', 1);
INSERT INTO clientes (id, nombre, localidad, telefono, activo) VALUES (20, 'Leandro Sosa', 'Castelar', '11 4505-7626', 1);
INSERT INTO clientes (id, nombre, localidad, telefono, activo) VALUES (21, 'Martín Vega', 'Berazategui', '11 4703-2073', 1);
INSERT INTO clientes (id, nombre, localidad, telefono, activo) VALUES (22, 'Facundo Aguirre', 'Vicente López', '11 5761-4465', 1);
INSERT INTO clientes (id, nombre, localidad, telefono, activo) VALUES (23, 'Miguel Sánchez', 'San Justo', '11 4490-6564', 1);
INSERT INTO clientes (id, nombre, localidad, telefono, activo) VALUES (24, 'Carlos Pérez', 'Ituzaingó', '11 4264-1389', 1);
INSERT INTO clientes (id, nombre, localidad, telefono, activo) VALUES (25, 'Verónica Cabrera', 'Morón', '11 4877-8637', 1);
INSERT INTO clientes (id, nombre, localidad, telefono, activo) VALUES (26, 'Damián García', 'Banfield', '11 4364-2466', 1);
INSERT INTO clientes (id, nombre, localidad, telefono, activo) VALUES (27, 'Ramón Ramírez', 'Laferrere', '11 4960-9564', 1);
INSERT INTO clientes (id, nombre, localidad, telefono, activo) VALUES (28, 'María Gómez', 'Avellaneda', '11 6566-6406', 1);
INSERT INTO clientes (id, nombre, localidad, telefono, activo) VALUES (29, 'Lucas Núñez', 'Lomas de Zamora', '11 6669-4543', 1);
INSERT INTO clientes (id, nombre, localidad, telefono, activo) VALUES (30, 'Fernando Romero', 'Berazategui', '11 3644-5181', 1);
INSERT INTO clientes (id, nombre, localidad, telefono, activo) VALUES (31, 'Jorge Ramírez', 'Avellaneda', '11 4160-3172', 1);
INSERT INTO clientes (id, nombre, localidad, telefono, activo) VALUES (32, 'Gabriela Acosta', 'Avellaneda', '11 6179-0699', 1);
INSERT INTO clientes (id, nombre, localidad, telefono, activo) VALUES (33, 'Diego Núñez', 'Ramos Mejía', '11 4744-5398', 1);
INSERT INTO clientes (id, nombre, localidad, telefono, activo) VALUES (34, 'Gabriela Quiroga', 'Banfield', '11 4888-1923', 1);
INSERT INTO clientes (id, nombre, localidad, telefono, activo) VALUES (35, 'Natalia Ríos', 'Ituzaingó', '11 4612-1530', 1);
INSERT INTO clientes (id, nombre, localidad, telefono, activo) VALUES (36, 'Ricardo Gómez', 'Merlo', '11 3407-1963', 1);
INSERT INTO clientes (id, nombre, localidad, telefono, activo) VALUES (37, 'Luis Quiroga', 'Ciudadela', '11 3683-0381', 1);
INSERT INTO clientes (id, nombre, localidad, telefono, activo) VALUES (38, 'Emiliano Maldonado', 'El Palomar', '11 5821-6546', 1);
INSERT INTO clientes (id, nombre, localidad, telefono, activo) VALUES (39, 'Lucas Ríos', 'Ciudadela', '11 4577-7511', 1);
INSERT INTO clientes (id, nombre, localidad, telefono, activo) VALUES (40, 'Sabrina Flores', 'Ramos Mejía', '11 5141-8136', 1);
INSERT INTO clientes (id, nombre, localidad, telefono, activo) VALUES (41, 'Diego Cabrera', 'Banfield', '11 5111-2075', 1);
INSERT INTO clientes (id, nombre, localidad, telefono, activo) VALUES (42, 'Daniel Luna', 'Merlo', '11 4956-6100', 1);
INSERT INTO clientes (id, nombre, localidad, telefono, activo) VALUES (43, 'Laura Maldonado', 'Quilmes', '11 4532-0740', 1);
INSERT INTO clientes (id, nombre, localidad, telefono, activo) VALUES (44, 'Raúl Torres', 'Moreno', '11 4429-5930', 1);
INSERT INTO clientes (id, nombre, localidad, telefono, activo) VALUES (45, 'Verónica Ruiz', 'Ciudadela', '11 3889-1542', 1);
INSERT INTO clientes (id, nombre, localidad, telefono, activo) VALUES (46, 'Damián Cabrera', 'Lanús', '11 3961-4539', 1);
INSERT INTO clientes (id, nombre, localidad, telefono, activo) VALUES (47, 'Laura Molina', 'San Fernando', '11 4468-9648', 1);
INSERT INTO clientes (id, nombre, localidad, telefono, activo) VALUES (48, 'Walter Cabrera', 'Vicente López', '11 5443-0833', 1);
INSERT INTO clientes (id, nombre, localidad, telefono, activo) VALUES (49, 'Pablo Pérez', 'San Justo', '11 5887-4685', 1);
INSERT INTO clientes (id, nombre, localidad, telefono, activo) VALUES (50, 'Damián Bravo', 'San Martín', '11 3960-5181', 1);

-- Ventas
INSERT INTO ventas (id, numero, cliente_id, fecha, subtotal, descuento, total, anulada) VALUES (1, 1, 1, '2026-07-20', 5700000, 0, 5700000, 0);
INSERT INTO ventas (id, numero, cliente_id, fecha, subtotal, descuento, total, anulada) VALUES (2, 2, 1, '2026-03-06', 7216000, 0, 7216000, 0);
INSERT INTO ventas (id, numero, cliente_id, fecha, subtotal, descuento, total, anulada) VALUES (3, 3, 2, '2026-07-20', 15500000, 0, 15500000, 0);
INSERT INTO ventas (id, numero, cliente_id, fecha, subtotal, descuento, total, anulada) VALUES (4, 4, 2, '2026-06-22', 18220000, 0, 18220000, 0);
INSERT INTO ventas (id, numero, cliente_id, fecha, subtotal, descuento, total, anulada) VALUES (5, 5, 2, '2026-04-05', 23200000, 0, 23200000, 0);
INSERT INTO ventas (id, numero, cliente_id, fecha, subtotal, descuento, total, anulada) VALUES (6, 6, 3, '2026-06-28', 2600000, 0, 2600000, 0);
INSERT INTO ventas (id, numero, cliente_id, fecha, subtotal, descuento, total, anulada) VALUES (7, 7, 3, '2026-07-07', 3600000, 0, 3600000, 0);
INSERT INTO ventas (id, numero, cliente_id, fecha, subtotal, descuento, total, anulada) VALUES (8, 8, 4, '2026-07-18', 3300000, 0, 3300000, 0);
INSERT INTO ventas (id, numero, cliente_id, fecha, subtotal, descuento, total, anulada) VALUES (9, 9, 4, '2026-05-27', 46900000, 0, 46900000, 0);
INSERT INTO ventas (id, numero, cliente_id, fecha, subtotal, descuento, total, anulada) VALUES (10, 10, 4, '2026-06-19', 30545000, 0, 30545000, 0);
INSERT INTO ventas (id, numero, cliente_id, fecha, subtotal, descuento, total, anulada) VALUES (11, 11, 5, '2026-05-06', 18000000, 0, 18000000, 0);
INSERT INTO ventas (id, numero, cliente_id, fecha, subtotal, descuento, total, anulada) VALUES (12, 12, 6, '2026-06-16', 2700000, 0, 2700000, 0);
INSERT INTO ventas (id, numero, cliente_id, fecha, subtotal, descuento, total, anulada) VALUES (13, 13, 6, '2026-05-19', 19516000, 0, 19516000, 0);
INSERT INTO ventas (id, numero, cliente_id, fecha, subtotal, descuento, total, anulada) VALUES (14, 14, 6, '2026-05-17', 10700000, 0, 10700000, 0);
INSERT INTO ventas (id, numero, cliente_id, fecha, subtotal, descuento, total, anulada) VALUES (15, 15, 7, '2026-06-09', 3250000, 0, 3250000, 0);
INSERT INTO ventas (id, numero, cliente_id, fecha, subtotal, descuento, total, anulada) VALUES (16, 16, 7, '2026-05-28', 32964000, 2966760, 29997240, 0);
INSERT INTO ventas (id, numero, cliente_id, fecha, subtotal, descuento, total, anulada) VALUES (17, 17, 7, '2026-04-26', 22140000, 2214000, 19926000, 0);
INSERT INTO ventas (id, numero, cliente_id, fecha, subtotal, descuento, total, anulada) VALUES (18, 18, 8, '2026-06-17', 4800000, 0, 4800000, 0);
INSERT INTO ventas (id, numero, cliente_id, fecha, subtotal, descuento, total, anulada) VALUES (19, 19, 8, '2026-06-20', 31980000, 0, 31980000, 0);
INSERT INTO ventas (id, numero, cliente_id, fecha, subtotal, descuento, total, anulada) VALUES (20, 20, 8, '2026-04-03', 9800000, 0, 9800000, 0);
INSERT INTO ventas (id, numero, cliente_id, fecha, subtotal, descuento, total, anulada) VALUES (21, 21, 9, '2026-04-16', 18900000, 0, 18900000, 0);
INSERT INTO ventas (id, numero, cliente_id, fecha, subtotal, descuento, total, anulada) VALUES (22, 22, 10, '2026-07-18', 8800000, 0, 8800000, 0);
INSERT INTO ventas (id, numero, cliente_id, fecha, subtotal, descuento, total, anulada) VALUES (23, 23, 11, '2026-03-19', 44350000, 0, 44350000, 0);
INSERT INTO ventas (id, numero, cliente_id, fecha, subtotal, descuento, total, anulada) VALUES (24, 24, 11, '2026-07-04', 8300000, 0, 8300000, 0);
INSERT INTO ventas (id, numero, cliente_id, fecha, subtotal, descuento, total, anulada) VALUES (25, 25, 11, '2026-06-16', 26400000, 0, 26400000, 0);
INSERT INTO ventas (id, numero, cliente_id, fecha, subtotal, descuento, total, anulada) VALUES (26, 26, 12, '2026-05-24', 15800000, 0, 15800000, 0);
INSERT INTO ventas (id, numero, cliente_id, fecha, subtotal, descuento, total, anulada) VALUES (27, 27, 12, '2026-03-06', 14661600, 1466160, 13195440, 0);
INSERT INTO ventas (id, numero, cliente_id, fecha, subtotal, descuento, total, anulada) VALUES (28, 28, 12, '2026-04-03', 25050000, 0, 25050000, 0);
INSERT INTO ventas (id, numero, cliente_id, fecha, subtotal, descuento, total, anulada) VALUES (29, 29, 13, '2026-04-23', 3600000, 0, 3600000, 0);
INSERT INTO ventas (id, numero, cliente_id, fecha, subtotal, descuento, total, anulada) VALUES (30, 30, 13, '2026-06-22', 14000000, 0, 14000000, 0);
INSERT INTO ventas (id, numero, cliente_id, fecha, subtotal, descuento, total, anulada) VALUES (31, 31, 13, '2026-07-17', 3600000, 0, 3600000, 0);
INSERT INTO ventas (id, numero, cliente_id, fecha, subtotal, descuento, total, anulada) VALUES (32, 32, 14, '2026-07-11', 5400000, 0, 5400000, 0);
INSERT INTO ventas (id, numero, cliente_id, fecha, subtotal, descuento, total, anulada) VALUES (33, 33, 14, '2026-04-22', 5125000, 0, 5125000, 0);
INSERT INTO ventas (id, numero, cliente_id, fecha, subtotal, descuento, total, anulada) VALUES (34, 34, 15, '2026-05-05', 3400000, 0, 3400000, 0);
INSERT INTO ventas (id, numero, cliente_id, fecha, subtotal, descuento, total, anulada) VALUES (35, 35, 15, '2026-06-15', 10900000, 0, 10900000, 0);
INSERT INTO ventas (id, numero, cliente_id, fecha, subtotal, descuento, total, anulada) VALUES (36, 36, 16, '2026-03-11', 29602000, 0, 29602000, 0);
INSERT INTO ventas (id, numero, cliente_id, fecha, subtotal, descuento, total, anulada) VALUES (37, 37, 16, '2026-05-03', 8938000, 0, 8938000, 0);
INSERT INTO ventas (id, numero, cliente_id, fecha, subtotal, descuento, total, anulada) VALUES (38, 38, 17, '2026-04-10', 17800000, 0, 17800000, 0);
INSERT INTO ventas (id, numero, cliente_id, fecha, subtotal, descuento, total, anulada) VALUES (39, 39, 17, '2026-05-01', 11400000, 0, 11400000, 0);
INSERT INTO ventas (id, numero, cliente_id, fecha, subtotal, descuento, total, anulada) VALUES (40, 40, 18, '2026-05-03', 8569000, 0, 8569000, 0);
INSERT INTO ventas (id, numero, cliente_id, fecha, subtotal, descuento, total, anulada) VALUES (41, 41, 18, '2026-05-30', 22304000, 0, 22304000, 0);
INSERT INTO ventas (id, numero, cliente_id, fecha, subtotal, descuento, total, anulada) VALUES (42, 42, 18, '2026-03-11', 6600000, 0, 6600000, 0);
INSERT INTO ventas (id, numero, cliente_id, fecha, subtotal, descuento, total, anulada) VALUES (43, 43, 19, '2026-06-27', 8950000, 0, 8950000, 0);
INSERT INTO ventas (id, numero, cliente_id, fecha, subtotal, descuento, total, anulada) VALUES (44, 44, 20, '2026-07-03', 15500000, 0, 15500000, 0);
INSERT INTO ventas (id, numero, cliente_id, fecha, subtotal, descuento, total, anulada) VALUES (45, 45, 20, '2026-03-05', 46289000, 0, 46289000, 0);
INSERT INTO ventas (id, numero, cliente_id, fecha, subtotal, descuento, total, anulada) VALUES (46, 46, 21, '2026-04-29', 10332000, 826560, 9505440, 0);
INSERT INTO ventas (id, numero, cliente_id, fecha, subtotal, descuento, total, anulada) VALUES (47, 47, 22, '2026-07-16', 3000000, 0, 3000000, 0);
INSERT INTO ventas (id, numero, cliente_id, fecha, subtotal, descuento, total, anulada) VALUES (48, 48, 22, '2026-06-25', 7380000, 0, 7380000, 0);
INSERT INTO ventas (id, numero, cliente_id, fecha, subtotal, descuento, total, anulada) VALUES (49, 49, 23, '2026-05-20', 5850000, 0, 5850000, 0);
INSERT INTO ventas (id, numero, cliente_id, fecha, subtotal, descuento, total, anulada) VALUES (50, 50, 23, '2026-03-14', 9922000, 0, 9922000, 0);
INSERT INTO ventas (id, numero, cliente_id, fecha, subtotal, descuento, total, anulada) VALUES (51, 51, 23, '2026-07-02', 7300000, 0, 7300000, 0);
INSERT INTO ventas (id, numero, cliente_id, fecha, subtotal, descuento, total, anulada) VALUES (52, 52, 24, '2026-04-19', 15580000, 0, 15580000, 0);
INSERT INTO ventas (id, numero, cliente_id, fecha, subtotal, descuento, total, anulada) VALUES (53, 53, 24, '2026-03-25', 2788000, 0, 2788000, 0);
INSERT INTO ventas (id, numero, cliente_id, fecha, subtotal, descuento, total, anulada) VALUES (54, 54, 24, '2026-04-06', 12300000, 0, 12300000, 0);
INSERT INTO ventas (id, numero, cliente_id, fecha, subtotal, descuento, total, anulada) VALUES (55, 55, 25, '2026-05-19', 12600000, 0, 12600000, 0);
INSERT INTO ventas (id, numero, cliente_id, fecha, subtotal, descuento, total, anulada) VALUES (56, 56, 26, '2026-06-23', 7050000, 0, 7050000, 0);
INSERT INTO ventas (id, numero, cliente_id, fecha, subtotal, descuento, total, anulada) VALUES (57, 57, 27, '2026-04-18', 13750000, 0, 13750000, 0);
INSERT INTO ventas (id, numero, cliente_id, fecha, subtotal, descuento, total, anulada) VALUES (58, 58, 28, '2026-03-20', 82410000, 0, 82410000, 0);
INSERT INTO ventas (id, numero, cliente_id, fecha, subtotal, descuento, total, anulada) VALUES (59, 59, 28, '2026-07-13', 1100000, 0, 1100000, 0);
INSERT INTO ventas (id, numero, cliente_id, fecha, subtotal, descuento, total, anulada) VALUES (60, 60, 29, '2026-06-26', 11200000, 0, 11200000, 0);
INSERT INTO ventas (id, numero, cliente_id, fecha, subtotal, descuento, total, anulada) VALUES (61, 61, 29, '2026-03-08', 15200000, 0, 15200000, 0);
INSERT INTO ventas (id, numero, cliente_id, fecha, subtotal, descuento, total, anulada) VALUES (62, 62, 30, '2026-03-16', 40344000, 2420640, 37923360, 0);
INSERT INTO ventas (id, numero, cliente_id, fecha, subtotal, descuento, total, anulada) VALUES (63, 63, 30, '2026-04-07', 12600000, 0, 12600000, 0);
INSERT INTO ventas (id, numero, cliente_id, fecha, subtotal, descuento, total, anulada) VALUES (64, 64, 30, '2026-06-03', 56580000, 0, 56580000, 0);
INSERT INTO ventas (id, numero, cliente_id, fecha, subtotal, descuento, total, anulada) VALUES (65, 65, 31, '2026-06-06', 24600000, 1968000, 22632000, 0);
INSERT INTO ventas (id, numero, cliente_id, fecha, subtotal, descuento, total, anulada) VALUES (66, 66, 31, '2026-04-09', 3950000, 0, 3950000, 0);
INSERT INTO ventas (id, numero, cliente_id, fecha, subtotal, descuento, total, anulada) VALUES (67, 67, 31, '2026-04-15', 20150000, 0, 20150000, 0);
INSERT INTO ventas (id, numero, cliente_id, fecha, subtotal, descuento, total, anulada) VALUES (68, 68, 32, '2026-04-02', 54612000, 0, 54612000, 0);
INSERT INTO ventas (id, numero, cliente_id, fecha, subtotal, descuento, total, anulada) VALUES (69, 69, 32, '2026-05-05', 22632000, 1131600, 21500400, 0);
INSERT INTO ventas (id, numero, cliente_id, fecha, subtotal, descuento, total, anulada) VALUES (70, 70, 32, '2026-05-26', 3800000, 0, 3800000, 0);
INSERT INTO ventas (id, numero, cliente_id, fecha, subtotal, descuento, total, anulada) VALUES (71, 71, 33, '2026-03-24', 3800000, 0, 3800000, 0);
INSERT INTO ventas (id, numero, cliente_id, fecha, subtotal, descuento, total, anulada) VALUES (72, 72, 34, '2026-06-27', 22800000, 0, 22800000, 0);
INSERT INTO ventas (id, numero, cliente_id, fecha, subtotal, descuento, total, anulada) VALUES (73, 73, 35, '2026-06-29', 5600000, 0, 5600000, 0);
INSERT INTO ventas (id, numero, cliente_id, fecha, subtotal, descuento, total, anulada) VALUES (74, 74, 35, '2026-05-14', 16300000, 0, 16300000, 0);
INSERT INTO ventas (id, numero, cliente_id, fecha, subtotal, descuento, total, anulada) VALUES (75, 75, 35, '2026-05-16', 4800000, 0, 4800000, 0);
INSERT INTO ventas (id, numero, cliente_id, fecha, subtotal, descuento, total, anulada) VALUES (76, 76, 36, '2026-03-02', 87494000, 0, 87494000, 0);
INSERT INTO ventas (id, numero, cliente_id, fecha, subtotal, descuento, total, anulada) VALUES (77, 77, 36, '2026-05-28', 4428000, 0, 4428000, 0);
INSERT INTO ventas (id, numero, cliente_id, fecha, subtotal, descuento, total, anulada) VALUES (78, 78, 37, '2026-06-09', 4700000, 0, 4700000, 0);
INSERT INTO ventas (id, numero, cliente_id, fecha, subtotal, descuento, total, anulada) VALUES (79, 79, 38, '2026-04-05', 54202000, 3252120, 50949880, 0);
INSERT INTO ventas (id, numero, cliente_id, fecha, subtotal, descuento, total, anulada) VALUES (80, 80, 38, '2026-03-03', 24313000, 0, 24313000, 0);
INSERT INTO ventas (id, numero, cliente_id, fecha, subtotal, descuento, total, anulada) VALUES (81, 81, 39, '2026-03-23', 11300000, 1130000, 10170000, 0);
INSERT INTO ventas (id, numero, cliente_id, fecha, subtotal, descuento, total, anulada) VALUES (82, 82, 40, '2026-05-17', 4640000, 371200, 4268800, 0);
INSERT INTO ventas (id, numero, cliente_id, fecha, subtotal, descuento, total, anulada) VALUES (83, 83, 40, '2026-05-01', 20664000, 0, 20664000, 0);
INSERT INTO ventas (id, numero, cliente_id, fecha, subtotal, descuento, total, anulada) VALUES (84, 84, 41, '2026-06-19', 1700000, 0, 1700000, 0);
INSERT INTO ventas (id, numero, cliente_id, fecha, subtotal, descuento, total, anulada) VALUES (85, 85, 41, '2026-06-17', 34235000, 1711750, 32523250, 0);
INSERT INTO ventas (id, numero, cliente_id, fecha, subtotal, descuento, total, anulada) VALUES (86, 86, 41, '2026-05-14', 8000000, 0, 8000000, 0);
INSERT INTO ventas (id, numero, cliente_id, fecha, subtotal, descuento, total, anulada) VALUES (87, 87, 42, '2026-03-28', 14596000, 0, 14596000, 0);
INSERT INTO ventas (id, numero, cliente_id, fecha, subtotal, descuento, total, anulada) VALUES (88, 88, 43, '2026-06-20', 20100000, 0, 20100000, 0);
INSERT INTO ventas (id, numero, cliente_id, fecha, subtotal, descuento, total, anulada) VALUES (89, 89, 43, '2026-05-02', 3700000, 0, 3700000, 0);
INSERT INTO ventas (id, numero, cliente_id, fecha, subtotal, descuento, total, anulada) VALUES (90, 90, 44, '2026-06-22', 4850000, 485000, 4365000, 0);
INSERT INTO ventas (id, numero, cliente_id, fecha, subtotal, descuento, total, anulada) VALUES (91, 91, 44, '2026-06-26', 1107000, 0, 1107000, 0);
INSERT INTO ventas (id, numero, cliente_id, fecha, subtotal, descuento, total, anulada) VALUES (92, 92, 45, '2026-03-18', 45756000, 0, 45756000, 0);
INSERT INTO ventas (id, numero, cliente_id, fecha, subtotal, descuento, total, anulada) VALUES (93, 93, 46, '2026-04-26', 14842000, 0, 14842000, 0);
INSERT INTO ventas (id, numero, cliente_id, fecha, subtotal, descuento, total, anulada) VALUES (94, 94, 46, '2026-05-11', 29028000, 2322240, 26705760, 0);
INSERT INTO ventas (id, numero, cliente_id, fecha, subtotal, descuento, total, anulada) VALUES (95, 95, 46, '2026-06-15', 42066000, 0, 42066000, 0);
INSERT INTO ventas (id, numero, cliente_id, fecha, subtotal, descuento, total, anulada) VALUES (96, 96, 47, '2026-04-01', 11800000, 0, 11800000, 0);
INSERT INTO ventas (id, numero, cliente_id, fecha, subtotal, descuento, total, anulada) VALUES (97, 97, 47, '2026-06-21', 19000000, 0, 19000000, 0);
INSERT INTO ventas (id, numero, cliente_id, fecha, subtotal, descuento, total, anulada) VALUES (98, 98, 47, '2026-06-04', 2550000, 0, 2550000, 0);
INSERT INTO ventas (id, numero, cliente_id, fecha, subtotal, descuento, total, anulada) VALUES (99, 99, 48, '2026-05-04', 17876000, 0, 17876000, 0);
INSERT INTO ventas (id, numero, cliente_id, fecha, subtotal, descuento, total, anulada) VALUES (100, 100, 49, '2026-03-20', 2250000, 0, 2250000, 0);
INSERT INTO ventas (id, numero, cliente_id, fecha, subtotal, descuento, total, anulada) VALUES (101, 101, 49, '2026-03-14', 6450000, 0, 6450000, 0);
INSERT INTO ventas (id, numero, cliente_id, fecha, subtotal, descuento, total, anulada) VALUES (102, 102, 50, '2026-06-26', 10000000, 0, 10000000, 0);
INSERT INTO ventas (id, numero, cliente_id, fecha, subtotal, descuento, total, anulada) VALUES (103, 103, 50, '2026-05-20', 8400000, 0, 8400000, 0);

-- Items de venta (precio y nombre congelados)
INSERT INTO venta_items (venta_id, herramienta_id, nombre_herramienta, cantidad, precio_unitario, subtotal) VALUES (1, (SELECT id FROM herramientas WHERE codigo='MASA-2'), 'Masa 2 kg', 3, 1900000, 5700000);
INSERT INTO venta_items (venta_id, herramienta_id, nombre_herramienta, cantidad, precio_unitario, subtotal) VALUES (2, (SELECT id FROM herramientas WHERE codigo='GRINFA-12'), 'Grinfa N°12', 4, 1804000, 7216000);
INSERT INTO venta_items (venta_id, herramienta_id, nombre_herramienta, cantidad, precio_unitario, subtotal) VALUES (3, (SELECT id FROM herramientas WHERE codigo='CUCH-8'), 'Cuchara 8"', 3, 900000, 2700000);
INSERT INTO venta_items (venta_id, herramienta_id, nombre_herramienta, cantidad, precio_unitario, subtotal) VALUES (3, (SELECT id FROM herramientas WHERE codigo='TEN-12'), 'Tenaza 12"', 4, 1400000, 5600000);
INSERT INTO venta_items (venta_id, herramienta_id, nombre_herramienta, cantidad, precio_unitario, subtotal) VALUES (3, (SELECT id FROM herramientas WHERE codigo='GRINFA-16'), 'Grinfa N°16', 1, 2800000, 2800000);
INSERT INTO venta_items (venta_id, herramienta_id, nombre_herramienta, cantidad, precio_unitario, subtotal) VALUES (3, (SELECT id FROM herramientas WHERE codigo='GRINFA-12'), 'Grinfa N°12', 2, 2200000, 4400000);
INSERT INTO venta_items (venta_id, herramienta_id, nombre_herramienta, cantidad, precio_unitario, subtotal) VALUES (4, (SELECT id FROM herramientas WHERE codigo='PALA-CANO'), 'Palas de caño', 3, 1900000, 5700000);
INSERT INTO venta_items (venta_id, herramienta_id, nombre_herramienta, cantidad, precio_unitario, subtotal) VALUES (4, (SELECT id FROM herramientas WHERE codigo='CLAVO-CH'), 'Clavos chicos', 4, 400000, 1600000);
INSERT INTO venta_items (venta_id, herramienta_id, nombre_herramienta, cantidad, precio_unitario, subtotal) VALUES (4, (SELECT id FROM herramientas WHERE codigo='CLAVO-M'), 'Clavos medianos', 1, 420000, 420000);
INSERT INTO venta_items (venta_id, herramienta_id, nombre_herramienta, cantidad, precio_unitario, subtotal) VALUES (4, (SELECT id FROM herramientas WHERE codigo='PALA-GER'), 'Palas de Gerardi', 5, 2100000, 10500000);
INSERT INTO venta_items (venta_id, herramienta_id, nombre_herramienta, cantidad, precio_unitario, subtotal) VALUES (5, (SELECT id FROM herramientas WHERE codigo='PALA-CANO'), 'Palas de caño', 2, 1900000, 3800000);
INSERT INTO venta_items (venta_id, herramienta_id, nombre_herramienta, cantidad, precio_unitario, subtotal) VALUES (5, (SELECT id FROM herramientas WHERE codigo='BARRETON-25'), 'Barretón 25', 4, 1200000, 4800000);
INSERT INTO venta_items (venta_id, herramienta_id, nombre_herramienta, cantidad, precio_unitario, subtotal) VALUES (5, (SELECT id FROM herramientas WHERE codigo='PICO'), 'Pico', 5, 2400000, 12000000);
INSERT INTO venta_items (venta_id, herramienta_id, nombre_herramienta, cantidad, precio_unitario, subtotal) VALUES (5, (SELECT id FROM herramientas WHERE codigo='BARR-100'), 'Barreta 100', 1, 2600000, 2600000);
INSERT INTO venta_items (venta_id, herramienta_id, nombre_herramienta, cantidad, precio_unitario, subtotal) VALUES (6, (SELECT id FROM herramientas WHERE codigo='GRINFA-6'), 'Grinfa N°6', 2, 1300000, 2600000);
INSERT INTO venta_items (venta_id, herramienta_id, nombre_herramienta, cantidad, precio_unitario, subtotal) VALUES (7, (SELECT id FROM herramientas WHERE codigo='BARRETON-25'), 'Barretón 25', 3, 1200000, 3600000);
INSERT INTO venta_items (venta_id, herramienta_id, nombre_herramienta, cantidad, precio_unitario, subtotal) VALUES (8, (SELECT id FROM herramientas WHERE codigo='CF-MINI'), 'Cortafierro y punta Mini', 2, 550000, 1100000);
INSERT INTO venta_items (venta_id, herramienta_id, nombre_herramienta, cantidad, precio_unitario, subtotal) VALUES (8, (SELECT id FROM herramientas WHERE codigo='GRINFA-12'), 'Grinfa N°12', 1, 2200000, 2200000);
INSERT INTO venta_items (venta_id, herramienta_id, nombre_herramienta, cantidad, precio_unitario, subtotal) VALUES (9, (SELECT id FROM herramientas WHERE codigo='CF-MINI'), 'Cortafierro y punta Mini', 4, 550000, 2200000);
INSERT INTO venta_items (venta_id, herramienta_id, nombre_herramienta, cantidad, precio_unitario, subtotal) VALUES (9, (SELECT id FROM herramientas WHERE codigo='PALA-GER'), 'Palas de Gerardi', 5, 2100000, 10500000);
INSERT INTO venta_items (venta_id, herramienta_id, nombre_herramienta, cantidad, precio_unitario, subtotal) VALUES (9, (SELECT id FROM herramientas WHERE codigo='MASA-5'), 'Masa 5 kg', 4, 3800000, 15200000);
INSERT INTO venta_items (venta_id, herramienta_id, nombre_herramienta, cantidad, precio_unitario, subtotal) VALUES (9, (SELECT id FROM herramientas WHERE codigo='RUEDA-CAD'), 'Rueda cadenilla', 5, 3800000, 19000000);
INSERT INTO venta_items (venta_id, herramienta_id, nombre_herramienta, cantidad, precio_unitario, subtotal) VALUES (10, (SELECT id FROM herramientas WHERE codigo='BARR-100'), 'Barreta 100', 6, 2132000, 12792000);
INSERT INTO venta_items (venta_id, herramienta_id, nombre_herramienta, cantidad, precio_unitario, subtotal) VALUES (10, (SELECT id FROM herramientas WHERE codigo='CF-MINI'), 'Cortafierro y punta Mini', 11, 451000, 4961000);
INSERT INTO venta_items (venta_id, herramienta_id, nombre_herramienta, cantidad, precio_unitario, subtotal) VALUES (10, (SELECT id FROM herramientas WHERE codigo='MASA-1'), 'Masa 1 kg', 3, 984000, 2952000);
INSERT INTO venta_items (venta_id, herramienta_id, nombre_herramienta, cantidad, precio_unitario, subtotal) VALUES (10, (SELECT id FROM herramientas WHERE codigo='PICO'), 'Pico', 5, 1968000, 9840000);
INSERT INTO venta_items (venta_id, herramienta_id, nombre_herramienta, cantidad, precio_unitario, subtotal) VALUES (11, (SELECT id FROM herramientas WHERE codigo='BARRETON-25'), 'Barretón 25', 5, 1200000, 6000000);
INSERT INTO venta_items (venta_id, herramienta_id, nombre_herramienta, cantidad, precio_unitario, subtotal) VALUES (11, (SELECT id FROM herramientas WHERE codigo='PICO'), 'Pico', 5, 2400000, 12000000);
INSERT INTO venta_items (venta_id, herramienta_id, nombre_herramienta, cantidad, precio_unitario, subtotal) VALUES (12, (SELECT id FROM herramientas WHERE codigo='CUCH-8'), 'Cuchara 8"', 3, 900000, 2700000);
INSERT INTO venta_items (venta_id, herramienta_id, nombre_herramienta, cantidad, precio_unitario, subtotal) VALUES (13, (SELECT id FROM herramientas WHERE codigo='TEN-12'), 'Tenaza 12"', 6, 1148000, 6888000);
INSERT INTO venta_items (venta_id, herramienta_id, nombre_herramienta, cantidad, precio_unitario, subtotal) VALUES (13, (SELECT id FROM herramientas WHERE codigo='GRINFA-12'), 'Grinfa N°12', 7, 1804000, 12628000);
INSERT INTO venta_items (venta_id, herramienta_id, nombre_herramienta, cantidad, precio_unitario, subtotal) VALUES (14, (SELECT id FROM herramientas WHERE codigo='GRINFA-8'), 'Grinfa N°8', 5, 1500000, 7500000);
INSERT INTO venta_items (venta_id, herramienta_id, nombre_herramienta, cantidad, precio_unitario, subtotal) VALUES (14, (SELECT id FROM herramientas WHERE codigo='MASA-112'), 'Masa 1 1/2 kg', 2, 1600000, 3200000);
INSERT INTO venta_items (venta_id, herramienta_id, nombre_herramienta, cantidad, precio_unitario, subtotal) VALUES (15, (SELECT id FROM herramientas WHERE codigo='CF-MINI'), 'Cortafierro y punta Mini', 3, 550000, 1650000);
INSERT INTO venta_items (venta_id, herramienta_id, nombre_herramienta, cantidad, precio_unitario, subtotal) VALUES (15, (SELECT id FROM herramientas WHERE codigo='CLAVO-CH'), 'Clavos chicos', 2, 400000, 800000);
INSERT INTO venta_items (venta_id, herramienta_id, nombre_herramienta, cantidad, precio_unitario, subtotal) VALUES (15, (SELECT id FROM herramientas WHERE codigo='CUCH-7'), 'Cuchara 7"', 1, 800000, 800000);
INSERT INTO venta_items (venta_id, herramienta_id, nombre_herramienta, cantidad, precio_unitario, subtotal) VALUES (16, (SELECT id FROM herramientas WHERE codigo='MASA-2'), 'Masa 2 kg', 9, 1558000, 14022000);
INSERT INTO venta_items (venta_id, herramienta_id, nombre_herramienta, cantidad, precio_unitario, subtotal) VALUES (16, (SELECT id FROM herramientas WHERE codigo='CUCH-8'), 'Cuchara 8"', 11, 738000, 8118000);
INSERT INTO venta_items (venta_id, herramienta_id, nombre_herramienta, cantidad, precio_unitario, subtotal) VALUES (16, (SELECT id FROM herramientas WHERE codigo='GRINFA-12'), 'Grinfa N°12', 6, 1804000, 10824000);
INSERT INTO venta_items (venta_id, herramienta_id, nombre_herramienta, cantidad, precio_unitario, subtotal) VALUES (17, (SELECT id FROM herramientas WHERE codigo='CF-35'), 'Cortafierro y punta N°35', 12, 779000, 9348000);
INSERT INTO venta_items (venta_id, herramienta_id, nombre_herramienta, cantidad, precio_unitario, subtotal) VALUES (17, (SELECT id FROM herramientas WHERE codigo='CF-30'), 'Cortafierro y punta N°30', 12, 697000, 8364000);
INSERT INTO venta_items (venta_id, herramienta_id, nombre_herramienta, cantidad, precio_unitario, subtotal) VALUES (17, (SELECT id FROM herramientas WHERE codigo='PIQUETA'), 'Piqueta', 3, 1476000, 4428000);
INSERT INTO venta_items (venta_id, herramienta_id, nombre_herramienta, cantidad, precio_unitario, subtotal) VALUES (18, (SELECT id FROM herramientas WHERE codigo='PICO'), 'Pico', 2, 2400000, 4800000);
INSERT INTO venta_items (venta_id, herramienta_id, nombre_herramienta, cantidad, precio_unitario, subtotal) VALUES (19, (SELECT id FROM herramientas WHERE codigo='MASA-1'), 'Masa 1 kg', 5, 984000, 4920000);
INSERT INTO venta_items (venta_id, herramienta_id, nombre_herramienta, cantidad, precio_unitario, subtotal) VALUES (19, (SELECT id FROM herramientas WHERE codigo='HACHITA'), 'Hachita', 12, 1230000, 14760000);
INSERT INTO venta_items (venta_id, herramienta_id, nombre_herramienta, cantidad, precio_unitario, subtotal) VALUES (19, (SELECT id FROM herramientas WHERE codigo='GRINFA-10'), 'Grinfa N°10', 3, 1476000, 4428000);
INSERT INTO venta_items (venta_id, herramienta_id, nombre_herramienta, cantidad, precio_unitario, subtotal) VALUES (19, (SELECT id FROM herramientas WHERE codigo='PICO'), 'Pico', 4, 1968000, 7872000);
INSERT INTO venta_items (venta_id, herramienta_id, nombre_herramienta, cantidad, precio_unitario, subtotal) VALUES (20, (SELECT id FROM herramientas WHERE codigo='PIQUETA'), 'Piqueta', 1, 1800000, 1800000);
INSERT INTO venta_items (venta_id, herramienta_id, nombre_herramienta, cantidad, precio_unitario, subtotal) VALUES (20, (SELECT id FROM herramientas WHERE codigo='MASA-112'), 'Masa 1 1/2 kg', 5, 1600000, 8000000);
INSERT INTO venta_items (venta_id, herramienta_id, nombre_herramienta, cantidad, precio_unitario, subtotal) VALUES (21, (SELECT id FROM herramientas WHERE codigo='HACHUELA'), 'Hachuela', 1, 1600000, 1600000);
INSERT INTO venta_items (venta_id, herramienta_id, nombre_herramienta, cantidad, precio_unitario, subtotal) VALUES (21, (SELECT id FROM herramientas WHERE codigo='GRINFA-25'), 'Grinfa N°25', 4, 4200000, 16800000);
INSERT INTO venta_items (venta_id, herramienta_id, nombre_herramienta, cantidad, precio_unitario, subtotal) VALUES (21, (SELECT id FROM herramientas WHERE codigo='BALDE-ALB'), 'Balde de albañil', 1, 500000, 500000);
INSERT INTO venta_items (venta_id, herramienta_id, nombre_herramienta, cantidad, precio_unitario, subtotal) VALUES (22, (SELECT id FROM herramientas WHERE codigo='HACHA'), 'Hacha', 4, 2200000, 8800000);
INSERT INTO venta_items (venta_id, herramienta_id, nombre_herramienta, cantidad, precio_unitario, subtotal) VALUES (23, (SELECT id FROM herramientas WHERE codigo='RUEDA-HORM'), 'Rueda hormigonera', 5, 4500000, 22500000);
INSERT INTO venta_items (venta_id, herramienta_id, nombre_herramienta, cantidad, precio_unitario, subtotal) VALUES (23, (SELECT id FROM herramientas WHERE codigo='CF-30'), 'Cortafierro y punta N°30', 5, 850000, 4250000);
INSERT INTO venta_items (venta_id, herramienta_id, nombre_herramienta, cantidad, precio_unitario, subtotal) VALUES (23, (SELECT id FROM herramientas WHERE codigo='CABO-CANO'), 'Cabo de caño', 4, 600000, 2400000);
INSERT INTO venta_items (venta_id, herramienta_id, nombre_herramienta, cantidad, precio_unitario, subtotal) VALUES (23, (SELECT id FROM herramientas WHERE codigo='RUEDA-CAD'), 'Rueda cadenilla', 4, 3800000, 15200000);
INSERT INTO venta_items (venta_id, herramienta_id, nombre_herramienta, cantidad, precio_unitario, subtotal) VALUES (24, (SELECT id FROM herramientas WHERE codigo='CUCH-8'), 'Cuchara 8"', 5, 900000, 4500000);
INSERT INTO venta_items (venta_id, herramienta_id, nombre_herramienta, cantidad, precio_unitario, subtotal) VALUES (24, (SELECT id FROM herramientas WHERE codigo='MASA-2'), 'Masa 2 kg', 2, 1900000, 3800000);
INSERT INTO venta_items (venta_id, herramienta_id, nombre_herramienta, cantidad, precio_unitario, subtotal) VALUES (25, (SELECT id FROM herramientas WHERE codigo='MASA-5'), 'Masa 5 kg', 3, 3800000, 11400000);
INSERT INTO venta_items (venta_id, herramienta_id, nombre_herramienta, cantidad, precio_unitario, subtotal) VALUES (25, (SELECT id FROM herramientas WHERE codigo='BALDE-ALB'), 'Balde de albañil', 2, 500000, 1000000);
INSERT INTO venta_items (venta_id, herramienta_id, nombre_herramienta, cantidad, precio_unitario, subtotal) VALUES (25, (SELECT id FROM herramientas WHERE codigo='MASA-114'), 'Masa 1 1/4 kg', 2, 1400000, 2800000);
INSERT INTO venta_items (venta_id, herramienta_id, nombre_herramienta, cantidad, precio_unitario, subtotal) VALUES (25, (SELECT id FROM herramientas WHERE codigo='GRINFA-16'), 'Grinfa N°16', 4, 2800000, 11200000);
INSERT INTO venta_items (venta_id, herramienta_id, nombre_herramienta, cantidad, precio_unitario, subtotal) VALUES (26, (SELECT id FROM herramientas WHERE codigo='CLAVO-G'), 'Clavos grandes', 4, 450000, 1800000);
INSERT INTO venta_items (venta_id, herramienta_id, nombre_herramienta, cantidad, precio_unitario, subtotal) VALUES (26, (SELECT id FROM herramientas WHERE codigo='BARR-60'), 'Barreta 60', 5, 1600000, 8000000);
INSERT INTO venta_items (venta_id, herramienta_id, nombre_herramienta, cantidad, precio_unitario, subtotal) VALUES (26, (SELECT id FROM herramientas WHERE codigo='BARRETON-25'), 'Barretón 25', 5, 1200000, 6000000);
INSERT INTO venta_items (venta_id, herramienta_id, nombre_herramienta, cantidad, precio_unitario, subtotal) VALUES (27, (SELECT id FROM herramientas WHERE codigo='BARR-80'), 'Barreta 80', 5, 1722000, 8610000);
INSERT INTO venta_items (venta_id, herramienta_id, nombre_herramienta, cantidad, precio_unitario, subtotal) VALUES (27, (SELECT id FROM herramientas WHERE codigo='CLAVO-M'), 'Clavos medianos', 9, 344400, 3099600);
INSERT INTO venta_items (venta_id, herramienta_id, nombre_herramienta, cantidad, precio_unitario, subtotal) VALUES (27, (SELECT id FROM herramientas WHERE codigo='CUCH-8'), 'Cuchara 8"', 4, 738000, 2952000);
INSERT INTO venta_items (venta_id, herramienta_id, nombre_herramienta, cantidad, precio_unitario, subtotal) VALUES (28, (SELECT id FROM herramientas WHERE codigo='MASA-2'), 'Masa 2 kg', 3, 1900000, 5700000);
INSERT INTO venta_items (venta_id, herramienta_id, nombre_herramienta, cantidad, precio_unitario, subtotal) VALUES (28, (SELECT id FROM herramientas WHERE codigo='CF-MINI'), 'Cortafierro y punta Mini', 3, 550000, 1650000);
INSERT INTO venta_items (venta_id, herramienta_id, nombre_herramienta, cantidad, precio_unitario, subtotal) VALUES (28, (SELECT id FROM herramientas WHERE codigo='RUEDA-CAD'), 'Rueda cadenilla', 3, 3800000, 11400000);
INSERT INTO venta_items (venta_id, herramienta_id, nombre_herramienta, cantidad, precio_unitario, subtotal) VALUES (28, (SELECT id FROM herramientas WHERE codigo='PALA-GER'), 'Palas de Gerardi', 3, 2100000, 6300000);
INSERT INTO venta_items (venta_id, herramienta_id, nombre_herramienta, cantidad, precio_unitario, subtotal) VALUES (29, (SELECT id FROM herramientas WHERE codigo='PIQUETA'), 'Piqueta', 2, 1800000, 3600000);
INSERT INTO venta_items (venta_id, herramienta_id, nombre_herramienta, cantidad, precio_unitario, subtotal) VALUES (30, (SELECT id FROM herramientas WHERE codigo='GRINFA-16'), 'Grinfa N°16', 1, 2800000, 2800000);
INSERT INTO venta_items (venta_id, herramienta_id, nombre_herramienta, cantidad, precio_unitario, subtotal) VALUES (30, (SELECT id FROM herramientas WHERE codigo='MASA-112'), 'Masa 1 1/2 kg', 1, 1600000, 1600000);
INSERT INTO venta_items (venta_id, herramienta_id, nombre_herramienta, cantidad, precio_unitario, subtotal) VALUES (30, (SELECT id FROM herramientas WHERE codigo='PICO'), 'Pico', 4, 2400000, 9600000);
INSERT INTO venta_items (venta_id, herramienta_id, nombre_herramienta, cantidad, precio_unitario, subtotal) VALUES (31, (SELECT id FROM herramientas WHERE codigo='BARRETON-25'), 'Barretón 25', 3, 1200000, 3600000);
INSERT INTO venta_items (venta_id, herramienta_id, nombre_herramienta, cantidad, precio_unitario, subtotal) VALUES (32, (SELECT id FROM herramientas WHERE codigo='CF-MINI'), 'Cortafierro y punta Mini', 3, 550000, 1650000);
INSERT INTO venta_items (venta_id, herramienta_id, nombre_herramienta, cantidad, precio_unitario, subtotal) VALUES (32, (SELECT id FROM herramientas WHERE codigo='MASA-2'), 'Masa 2 kg', 1, 1900000, 1900000);
INSERT INTO venta_items (venta_id, herramienta_id, nombre_herramienta, cantidad, precio_unitario, subtotal) VALUES (32, (SELECT id FROM herramientas WHERE codigo='BALDE-ALB'), 'Balde de albañil', 1, 500000, 500000);
INSERT INTO venta_items (venta_id, herramienta_id, nombre_herramienta, cantidad, precio_unitario, subtotal) VALUES (32, (SELECT id FROM herramientas WHERE codigo='CLAVO-G'), 'Clavos grandes', 3, 450000, 1350000);
INSERT INTO venta_items (venta_id, herramienta_id, nombre_herramienta, cantidad, precio_unitario, subtotal) VALUES (33, (SELECT id FROM herramientas WHERE codigo='CUCH-7'), 'Cuchara 7"', 3, 656000, 1968000);
INSERT INTO venta_items (venta_id, herramienta_id, nombre_herramienta, cantidad, precio_unitario, subtotal) VALUES (33, (SELECT id FROM herramientas WHERE codigo='CF-MINI'), 'Cortafierro y punta Mini', 7, 451000, 3157000);
INSERT INTO venta_items (venta_id, herramienta_id, nombre_herramienta, cantidad, precio_unitario, subtotal) VALUES (34, (SELECT id FROM herramientas WHERE codigo='CABO-CANO'), 'Cabo de caño', 1, 600000, 600000);
INSERT INTO venta_items (venta_id, herramienta_id, nombre_herramienta, cantidad, precio_unitario, subtotal) VALUES (34, (SELECT id FROM herramientas WHERE codigo='TEN-12'), 'Tenaza 12"', 2, 1400000, 2800000);
INSERT INTO venta_items (venta_id, herramienta_id, nombre_herramienta, cantidad, precio_unitario, subtotal) VALUES (35, (SELECT id FROM herramientas WHERE codigo='CABO-CANO'), 'Cabo de caño', 1, 600000, 600000);
INSERT INTO venta_items (venta_id, herramienta_id, nombre_herramienta, cantidad, precio_unitario, subtotal) VALUES (35, (SELECT id FROM herramientas WHERE codigo='PALA-GER'), 'Palas de Gerardi', 4, 2100000, 8400000);
INSERT INTO venta_items (venta_id, herramienta_id, nombre_herramienta, cantidad, precio_unitario, subtotal) VALUES (35, (SELECT id FROM herramientas WHERE codigo='MASA-2'), 'Masa 2 kg', 1, 1900000, 1900000);
INSERT INTO venta_items (venta_id, herramienta_id, nombre_herramienta, cantidad, precio_unitario, subtotal) VALUES (36, (SELECT id FROM herramientas WHERE codigo='GRINFA-6'), 'Grinfa N°6', 7, 1066000, 7462000);
INSERT INTO venta_items (venta_id, herramienta_id, nombre_herramienta, cantidad, precio_unitario, subtotal) VALUES (36, (SELECT id FROM herramientas WHERE codigo='HACHUELA'), 'Hachuela', 7, 1312000, 9184000);
INSERT INTO venta_items (venta_id, herramienta_id, nombre_herramienta, cantidad, precio_unitario, subtotal) VALUES (36, (SELECT id FROM herramientas WHERE codigo='TEN-12'), 'Tenaza 12"', 7, 1148000, 8036000);
INSERT INTO venta_items (venta_id, herramienta_id, nombre_herramienta, cantidad, precio_unitario, subtotal) VALUES (36, (SELECT id FROM herramientas WHERE codigo='BARRETON-25'), 'Barretón 25', 5, 984000, 4920000);
INSERT INTO venta_items (venta_id, herramienta_id, nombre_herramienta, cantidad, precio_unitario, subtotal) VALUES (37, (SELECT id FROM herramientas WHERE codigo='CF-MINI'), 'Cortafierro y punta Mini', 6, 451000, 2706000);
INSERT INTO venta_items (venta_id, herramienta_id, nombre_herramienta, cantidad, precio_unitario, subtotal) VALUES (37, (SELECT id FROM herramientas WHERE codigo='MASA-2'), 'Masa 2 kg', 4, 1558000, 6232000);
INSERT INTO venta_items (venta_id, herramienta_id, nombre_herramienta, cantidad, precio_unitario, subtotal) VALUES (38, (SELECT id FROM herramientas WHERE codigo='HACHA'), 'Hacha', 3, 2200000, 6600000);
INSERT INTO venta_items (venta_id, herramienta_id, nombre_herramienta, cantidad, precio_unitario, subtotal) VALUES (38, (SELECT id FROM herramientas WHERE codigo='CUCH-8'), 'Cuchara 8"', 4, 900000, 3600000);
INSERT INTO venta_items (venta_id, herramienta_id, nombre_herramienta, cantidad, precio_unitario, subtotal) VALUES (38, (SELECT id FROM herramientas WHERE codigo='RUEDA-CAD'), 'Rueda cadenilla', 2, 3800000, 7600000);
INSERT INTO venta_items (venta_id, herramienta_id, nombre_herramienta, cantidad, precio_unitario, subtotal) VALUES (39, (SELECT id FROM herramientas WHERE codigo='CF-30'), 'Cortafierro y punta N°30', 4, 850000, 3400000);
INSERT INTO venta_items (venta_id, herramienta_id, nombre_herramienta, cantidad, precio_unitario, subtotal) VALUES (39, (SELECT id FROM herramientas WHERE codigo='MASA-112'), 'Masa 1 1/2 kg', 5, 1600000, 8000000);
INSERT INTO venta_items (venta_id, herramienta_id, nombre_herramienta, cantidad, precio_unitario, subtotal) VALUES (40, (SELECT id FROM herramientas WHERE codigo='CF-35'), 'Cortafierro y punta N°35', 11, 779000, 8569000);
INSERT INTO venta_items (venta_id, herramienta_id, nombre_herramienta, cantidad, precio_unitario, subtotal) VALUES (41, (SELECT id FROM herramientas WHERE codigo='GRINFA-10'), 'Grinfa N°10', 8, 1476000, 11808000);
INSERT INTO venta_items (venta_id, herramienta_id, nombre_herramienta, cantidad, precio_unitario, subtotal) VALUES (41, (SELECT id FROM herramientas WHERE codigo='TEN-12'), 'Tenaza 12"', 7, 1148000, 8036000);
INSERT INTO venta_items (venta_id, herramienta_id, nombre_herramienta, cantidad, precio_unitario, subtotal) VALUES (41, (SELECT id FROM herramientas WHERE codigo='BALDE-ALB'), 'Balde de albañil', 6, 410000, 2460000);
INSERT INTO venta_items (venta_id, herramienta_id, nombre_herramienta, cantidad, precio_unitario, subtotal) VALUES (42, (SELECT id FROM herramientas WHERE codigo='GRINFA-12'), 'Grinfa N°12', 3, 2200000, 6600000);
INSERT INTO venta_items (venta_id, herramienta_id, nombre_herramienta, cantidad, precio_unitario, subtotal) VALUES (43, (SELECT id FROM herramientas WHERE codigo='MASA-114'), 'Masa 1 1/4 kg', 3, 1400000, 4200000);
INSERT INTO venta_items (venta_id, herramienta_id, nombre_herramienta, cantidad, precio_unitario, subtotal) VALUES (43, (SELECT id FROM herramientas WHERE codigo='CF-35'), 'Cortafierro y punta N°35', 5, 950000, 4750000);
INSERT INTO venta_items (venta_id, herramienta_id, nombre_herramienta, cantidad, precio_unitario, subtotal) VALUES (44, (SELECT id FROM herramientas WHERE codigo='CABO-CANO'), 'Cabo de caño', 5, 600000, 3000000);
INSERT INTO venta_items (venta_id, herramienta_id, nombre_herramienta, cantidad, precio_unitario, subtotal) VALUES (44, (SELECT id FROM herramientas WHERE codigo='GRINFA-8'), 'Grinfa N°8', 2, 1500000, 3000000);
INSERT INTO venta_items (venta_id, herramienta_id, nombre_herramienta, cantidad, precio_unitario, subtotal) VALUES (44, (SELECT id FROM herramientas WHERE codigo='MASA-2'), 'Masa 2 kg', 5, 1900000, 9500000);
INSERT INTO venta_items (venta_id, herramienta_id, nombre_herramienta, cantidad, precio_unitario, subtotal) VALUES (45, (SELECT id FROM herramientas WHERE codigo='CF-35'), 'Cortafierro y punta N°35', 7, 779000, 5453000);
INSERT INTO venta_items (venta_id, herramienta_id, nombre_herramienta, cantidad, precio_unitario, subtotal) VALUES (45, (SELECT id FROM herramientas WHERE codigo='BARRETON-25'), 'Barretón 25', 11, 984000, 10824000);
INSERT INTO venta_items (venta_id, herramienta_id, nombre_herramienta, cantidad, precio_unitario, subtotal) VALUES (45, (SELECT id FROM herramientas WHERE codigo='MASA-114'), 'Masa 1 1/4 kg', 9, 1148000, 10332000);
INSERT INTO venta_items (venta_id, herramienta_id, nombre_herramienta, cantidad, precio_unitario, subtotal) VALUES (45, (SELECT id FROM herramientas WHERE codigo='PICO'), 'Pico', 10, 1968000, 19680000);
INSERT INTO venta_items (venta_id, herramienta_id, nombre_herramienta, cantidad, precio_unitario, subtotal) VALUES (46, (SELECT id FROM herramientas WHERE codigo='PALA-GER'), 'Palas de Gerardi', 6, 1722000, 10332000);
INSERT INTO venta_items (venta_id, herramienta_id, nombre_herramienta, cantidad, precio_unitario, subtotal) VALUES (47, (SELECT id FROM herramientas WHERE codigo='CF-25'), 'Cortafierro y punta N°25', 4, 750000, 3000000);
INSERT INTO venta_items (venta_id, herramienta_id, nombre_herramienta, cantidad, precio_unitario, subtotal) VALUES (48, (SELECT id FROM herramientas WHERE codigo='CF-25'), 'Cortafierro y punta N°25', 12, 615000, 7380000);
INSERT INTO venta_items (venta_id, herramienta_id, nombre_herramienta, cantidad, precio_unitario, subtotal) VALUES (49, (SELECT id FROM herramientas WHERE codigo='TEN-9'), 'Tenaza 9"', 1, 1100000, 1100000);
INSERT INTO venta_items (venta_id, herramienta_id, nombre_herramienta, cantidad, precio_unitario, subtotal) VALUES (49, (SELECT id FROM herramientas WHERE codigo='BARR-80'), 'Barreta 80', 2, 2100000, 4200000);
INSERT INTO venta_items (venta_id, herramienta_id, nombre_herramienta, cantidad, precio_unitario, subtotal) VALUES (49, (SELECT id FROM herramientas WHERE codigo='CF-MINI'), 'Cortafierro y punta Mini', 1, 550000, 550000);
INSERT INTO venta_items (venta_id, herramienta_id, nombre_herramienta, cantidad, precio_unitario, subtotal) VALUES (50, (SELECT id FROM herramientas WHERE codigo='TEN-9'), 'Tenaza 9"', 11, 902000, 9922000);
INSERT INTO venta_items (venta_id, herramienta_id, nombre_herramienta, cantidad, precio_unitario, subtotal) VALUES (51, (SELECT id FROM herramientas WHERE codigo='GRINFA-6'), 'Grinfa N°6', 1, 1300000, 1300000);
INSERT INTO venta_items (venta_id, herramienta_id, nombre_herramienta, cantidad, precio_unitario, subtotal) VALUES (51, (SELECT id FROM herramientas WHERE codigo='HACHITA'), 'Hachita', 4, 1500000, 6000000);
INSERT INTO venta_items (venta_id, herramienta_id, nombre_herramienta, cantidad, precio_unitario, subtotal) VALUES (52, (SELECT id FROM herramientas WHERE codigo='MASA-2'), 'Masa 2 kg', 10, 1558000, 15580000);
INSERT INTO venta_items (venta_id, herramienta_id, nombre_herramienta, cantidad, precio_unitario, subtotal) VALUES (53, (SELECT id FROM herramientas WHERE codigo='CF-30'), 'Cortafierro y punta N°30', 4, 697000, 2788000);
INSERT INTO venta_items (venta_id, herramienta_id, nombre_herramienta, cantidad, precio_unitario, subtotal) VALUES (54, (SELECT id FROM herramientas WHERE codigo='BARR-80'), 'Barreta 80', 5, 2100000, 10500000);
INSERT INTO venta_items (venta_id, herramienta_id, nombre_herramienta, cantidad, precio_unitario, subtotal) VALUES (54, (SELECT id FROM herramientas WHERE codigo='CUCH-8'), 'Cuchara 8"', 2, 900000, 1800000);
INSERT INTO venta_items (venta_id, herramienta_id, nombre_herramienta, cantidad, precio_unitario, subtotal) VALUES (55, (SELECT id FROM herramientas WHERE codigo='GRINFA-16'), 'Grinfa N°16', 2, 2800000, 5600000);
INSERT INTO venta_items (venta_id, herramienta_id, nombre_herramienta, cantidad, precio_unitario, subtotal) VALUES (55, (SELECT id FROM herramientas WHERE codigo='BALDE-ALB'), 'Balde de albañil', 2, 500000, 1000000);
INSERT INTO venta_items (venta_id, herramienta_id, nombre_herramienta, cantidad, precio_unitario, subtotal) VALUES (55, (SELECT id FROM herramientas WHERE codigo='MASA-1'), 'Masa 1 kg', 5, 1200000, 6000000);
INSERT INTO venta_items (venta_id, herramienta_id, nombre_herramienta, cantidad, precio_unitario, subtotal) VALUES (56, (SELECT id FROM herramientas WHERE codigo='MASA-114'), 'Masa 1 1/4 kg', 3, 1400000, 4200000);
INSERT INTO venta_items (venta_id, herramienta_id, nombre_herramienta, cantidad, precio_unitario, subtotal) VALUES (56, (SELECT id FROM herramientas WHERE codigo='CF-35'), 'Cortafierro y punta N°35', 3, 950000, 2850000);
INSERT INTO venta_items (venta_id, herramienta_id, nombre_herramienta, cantidad, precio_unitario, subtotal) VALUES (57, (SELECT id FROM herramientas WHERE codigo='CLAVO-G'), 'Clavos grandes', 3, 450000, 1350000);
INSERT INTO venta_items (venta_id, herramienta_id, nombre_herramienta, cantidad, precio_unitario, subtotal) VALUES (57, (SELECT id FROM herramientas WHERE codigo='BARR-120'), 'Barreta 120', 4, 3100000, 12400000);
INSERT INTO venta_items (venta_id, herramienta_id, nombre_herramienta, cantidad, precio_unitario, subtotal) VALUES (58, (SELECT id FROM herramientas WHERE codigo='RUEDA-HORM'), 'Rueda hormigonera', 5, 3690000, 18450000);
INSERT INTO venta_items (venta_id, herramienta_id, nombre_herramienta, cantidad, precio_unitario, subtotal) VALUES (58, (SELECT id FROM herramientas WHERE codigo='MASA-5'), 'Masa 5 kg', 12, 3116000, 37392000);
INSERT INTO venta_items (venta_id, herramienta_id, nombre_herramienta, cantidad, precio_unitario, subtotal) VALUES (58, (SELECT id FROM herramientas WHERE codigo='MASA-2'), 'Masa 2 kg', 6, 1558000, 9348000);
INSERT INTO venta_items (venta_id, herramienta_id, nombre_herramienta, cantidad, precio_unitario, subtotal) VALUES (58, (SELECT id FROM herramientas WHERE codigo='BARR-80'), 'Barreta 80', 10, 1722000, 17220000);
INSERT INTO venta_items (venta_id, herramienta_id, nombre_herramienta, cantidad, precio_unitario, subtotal) VALUES (59, (SELECT id FROM herramientas WHERE codigo='TEN-9'), 'Tenaza 9"', 1, 1100000, 1100000);
INSERT INTO venta_items (venta_id, herramienta_id, nombre_herramienta, cantidad, precio_unitario, subtotal) VALUES (60, (SELECT id FROM herramientas WHERE codigo='GRINFA-16'), 'Grinfa N°16', 4, 2800000, 11200000);
INSERT INTO venta_items (venta_id, herramienta_id, nombre_herramienta, cantidad, precio_unitario, subtotal) VALUES (61, (SELECT id FROM herramientas WHERE codigo='MASA-5'), 'Masa 5 kg', 4, 3800000, 15200000);
INSERT INTO venta_items (venta_id, herramienta_id, nombre_herramienta, cantidad, precio_unitario, subtotal) VALUES (62, (SELECT id FROM herramientas WHERE codigo='CUCH-7'), 'Cuchara 7"', 7, 656000, 4592000);
INSERT INTO venta_items (venta_id, herramienta_id, nombre_herramienta, cantidad, precio_unitario, subtotal) VALUES (62, (SELECT id FROM herramientas WHERE codigo='TEN-9'), 'Tenaza 9"', 11, 902000, 9922000);
INSERT INTO venta_items (venta_id, herramienta_id, nombre_herramienta, cantidad, precio_unitario, subtotal) VALUES (62, (SELECT id FROM herramientas WHERE codigo='RUEDA-HORM'), 'Rueda hormigonera', 7, 3690000, 25830000);
INSERT INTO venta_items (venta_id, herramienta_id, nombre_herramienta, cantidad, precio_unitario, subtotal) VALUES (63, (SELECT id FROM herramientas WHERE codigo='HACHITA'), 'Hachita', 1, 1500000, 1500000);
INSERT INTO venta_items (venta_id, herramienta_id, nombre_herramienta, cantidad, precio_unitario, subtotal) VALUES (63, (SELECT id FROM herramientas WHERE codigo='BARR-120'), 'Barreta 120', 1, 3100000, 3100000);
INSERT INTO venta_items (venta_id, herramienta_id, nombre_herramienta, cantidad, precio_unitario, subtotal) VALUES (63, (SELECT id FROM herramientas WHERE codigo='HACHUELA'), 'Hachuela', 5, 1600000, 8000000);
INSERT INTO venta_items (venta_id, herramienta_id, nombre_herramienta, cantidad, precio_unitario, subtotal) VALUES (64, (SELECT id FROM herramientas WHERE codigo='PALA-GER'), 'Palas de Gerardi', 12, 1722000, 20664000);
INSERT INTO venta_items (venta_id, herramienta_id, nombre_herramienta, cantidad, precio_unitario, subtotal) VALUES (64, (SELECT id FROM herramientas WHERE codigo='RUEDA-HORM'), 'Rueda hormigonera', 6, 3690000, 22140000);
INSERT INTO venta_items (venta_id, herramienta_id, nombre_herramienta, cantidad, precio_unitario, subtotal) VALUES (64, (SELECT id FROM herramientas WHERE codigo='MASA-114'), 'Masa 1 1/4 kg', 12, 1148000, 13776000);
INSERT INTO venta_items (venta_id, herramienta_id, nombre_herramienta, cantidad, precio_unitario, subtotal) VALUES (65, (SELECT id FROM herramientas WHERE codigo='BARRETON-25'), 'Barretón 25', 3, 984000, 2952000);
INSERT INTO venta_items (venta_id, herramienta_id, nombre_herramienta, cantidad, precio_unitario, subtotal) VALUES (65, (SELECT id FROM herramientas WHERE codigo='GRINFA-12'), 'Grinfa N°12', 12, 1804000, 21648000);
INSERT INTO venta_items (venta_id, herramienta_id, nombre_herramienta, cantidad, precio_unitario, subtotal) VALUES (66, (SELECT id FROM herramientas WHERE codigo='BARR-60'), 'Barreta 60', 2, 1600000, 3200000);
INSERT INTO venta_items (venta_id, herramienta_id, nombre_herramienta, cantidad, precio_unitario, subtotal) VALUES (66, (SELECT id FROM herramientas WHERE codigo='CF-25'), 'Cortafierro y punta N°25', 1, 750000, 750000);
INSERT INTO venta_items (venta_id, herramienta_id, nombre_herramienta, cantidad, precio_unitario, subtotal) VALUES (67, (SELECT id FROM herramientas WHERE codigo='CF-25'), 'Cortafierro y punta N°25', 5, 750000, 3750000);
INSERT INTO venta_items (venta_id, herramienta_id, nombre_herramienta, cantidad, precio_unitario, subtotal) VALUES (67, (SELECT id FROM herramientas WHERE codigo='CUCH-7'), 'Cuchara 7"', 5, 800000, 4000000);
INSERT INTO venta_items (venta_id, herramienta_id, nombre_herramienta, cantidad, precio_unitario, subtotal) VALUES (67, (SELECT id FROM herramientas WHERE codigo='BARR-120'), 'Barreta 120', 4, 3100000, 12400000);
INSERT INTO venta_items (venta_id, herramienta_id, nombre_herramienta, cantidad, precio_unitario, subtotal) VALUES (68, (SELECT id FROM herramientas WHERE codigo='RUEDA-HORM'), 'Rueda hormigonera', 11, 3690000, 40590000);
INSERT INTO venta_items (venta_id, herramienta_id, nombre_herramienta, cantidad, precio_unitario, subtotal) VALUES (68, (SELECT id FROM herramientas WHERE codigo='PALA-CANO'), 'Palas de caño', 9, 1558000, 14022000);
INSERT INTO venta_items (venta_id, herramienta_id, nombre_herramienta, cantidad, precio_unitario, subtotal) VALUES (69, (SELECT id FROM herramientas WHERE codigo='GRINFA-16'), 'Grinfa N°16', 6, 2296000, 13776000);
INSERT INTO venta_items (venta_id, herramienta_id, nombre_herramienta, cantidad, precio_unitario, subtotal) VALUES (69, (SELECT id FROM herramientas WHERE codigo='PIQUETA'), 'Piqueta', 6, 1476000, 8856000);
INSERT INTO venta_items (venta_id, herramienta_id, nombre_herramienta, cantidad, precio_unitario, subtotal) VALUES (70, (SELECT id FROM herramientas WHERE codigo='RUEDA-CAD'), 'Rueda cadenilla', 1, 3800000, 3800000);
INSERT INTO venta_items (venta_id, herramienta_id, nombre_herramienta, cantidad, precio_unitario, subtotal) VALUES (71, (SELECT id FROM herramientas WHERE codigo='MASA-5'), 'Masa 5 kg', 1, 3800000, 3800000);
INSERT INTO venta_items (venta_id, herramienta_id, nombre_herramienta, cantidad, precio_unitario, subtotal) VALUES (72, (SELECT id FROM herramientas WHERE codigo='CUCH-7'), 'Cuchara 7"', 4, 800000, 3200000);
INSERT INTO venta_items (venta_id, herramienta_id, nombre_herramienta, cantidad, precio_unitario, subtotal) VALUES (72, (SELECT id FROM herramientas WHERE codigo='CF-35'), 'Cortafierro y punta N°35', 2, 950000, 1900000);
INSERT INTO venta_items (venta_id, herramienta_id, nombre_herramienta, cantidad, precio_unitario, subtotal) VALUES (72, (SELECT id FROM herramientas WHERE codigo='RUEDA-HORM'), 'Rueda hormigonera', 3, 4500000, 13500000);
INSERT INTO venta_items (venta_id, herramienta_id, nombre_herramienta, cantidad, precio_unitario, subtotal) VALUES (72, (SELECT id FROM herramientas WHERE codigo='BARR-80'), 'Barreta 80', 2, 2100000, 4200000);
INSERT INTO venta_items (venta_id, herramienta_id, nombre_herramienta, cantidad, precio_unitario, subtotal) VALUES (73, (SELECT id FROM herramientas WHERE codigo='TEN-12'), 'Tenaza 12"', 4, 1400000, 5600000);
INSERT INTO venta_items (venta_id, herramienta_id, nombre_herramienta, cantidad, precio_unitario, subtotal) VALUES (74, (SELECT id FROM herramientas WHERE codigo='BARR-120'), 'Barreta 120', 1, 3100000, 3100000);
INSERT INTO venta_items (venta_id, herramienta_id, nombre_herramienta, cantidad, precio_unitario, subtotal) VALUES (74, (SELECT id FROM herramientas WHERE codigo='CUCH-8'), 'Cuchara 8"', 4, 900000, 3600000);
INSERT INTO venta_items (venta_id, herramienta_id, nombre_herramienta, cantidad, precio_unitario, subtotal) VALUES (74, (SELECT id FROM herramientas WHERE codigo='CLAVO-CH'), 'Clavos chicos', 5, 400000, 2000000);
INSERT INTO venta_items (venta_id, herramienta_id, nombre_herramienta, cantidad, precio_unitario, subtotal) VALUES (74, (SELECT id FROM herramientas WHERE codigo='PALA-CANO'), 'Palas de caño', 4, 1900000, 7600000);
INSERT INTO venta_items (venta_id, herramienta_id, nombre_herramienta, cantidad, precio_unitario, subtotal) VALUES (75, (SELECT id FROM herramientas WHERE codigo='MASA-1'), 'Masa 1 kg', 4, 1200000, 4800000);
INSERT INTO venta_items (venta_id, herramienta_id, nombre_herramienta, cantidad, precio_unitario, subtotal) VALUES (76, (SELECT id FROM herramientas WHERE codigo='PALA-MAD'), 'Palas de madera', 11, 1394000, 15334000);
INSERT INTO venta_items (venta_id, herramienta_id, nombre_herramienta, cantidad, precio_unitario, subtotal) VALUES (76, (SELECT id FROM herramientas WHERE codigo='GRINFA-16'), 'Grinfa N°16', 11, 2296000, 25256000);
INSERT INTO venta_items (venta_id, herramienta_id, nombre_herramienta, cantidad, precio_unitario, subtotal) VALUES (76, (SELECT id FROM herramientas WHERE codigo='RUEDA-MAC'), 'Rueda maciza', 11, 4264000, 46904000);
INSERT INTO venta_items (venta_id, herramienta_id, nombre_herramienta, cantidad, precio_unitario, subtotal) VALUES (77, (SELECT id FROM herramientas WHERE codigo='PIQUETA'), 'Piqueta', 3, 1476000, 4428000);
INSERT INTO venta_items (venta_id, herramienta_id, nombre_herramienta, cantidad, precio_unitario, subtotal) VALUES (78, (SELECT id FROM herramientas WHERE codigo='CF-30'), 'Cortafierro y punta N°30', 2, 850000, 1700000);
INSERT INTO venta_items (venta_id, herramienta_id, nombre_herramienta, cantidad, precio_unitario, subtotal) VALUES (78, (SELECT id FROM herramientas WHERE codigo='GRINFA-8'), 'Grinfa N°8', 2, 1500000, 3000000);
INSERT INTO venta_items (venta_id, herramienta_id, nombre_herramienta, cantidad, precio_unitario, subtotal) VALUES (79, (SELECT id FROM herramientas WHERE codigo='RUEDA-HORM'), 'Rueda hormigonera', 4, 3690000, 14760000);
INSERT INTO venta_items (venta_id, herramienta_id, nombre_herramienta, cantidad, precio_unitario, subtotal) VALUES (79, (SELECT id FROM herramientas WHERE codigo='BARR-120'), 'Barreta 120', 10, 2542000, 25420000);
INSERT INTO venta_items (venta_id, herramienta_id, nombre_herramienta, cantidad, precio_unitario, subtotal) VALUES (79, (SELECT id FROM herramientas WHERE codigo='PALA-CANO'), 'Palas de caño', 9, 1558000, 14022000);
INSERT INTO venta_items (venta_id, herramienta_id, nombre_herramienta, cantidad, precio_unitario, subtotal) VALUES (80, (SELECT id FROM herramientas WHERE codigo='TEN-12'), 'Tenaza 12"', 7, 1148000, 8036000);
INSERT INTO venta_items (venta_id, herramienta_id, nombre_herramienta, cantidad, precio_unitario, subtotal) VALUES (80, (SELECT id FROM herramientas WHERE codigo='CF-35'), 'Cortafierro y punta N°35', 10, 779000, 7790000);
INSERT INTO venta_items (venta_id, herramienta_id, nombre_herramienta, cantidad, precio_unitario, subtotal) VALUES (80, (SELECT id FROM herramientas WHERE codigo='CABO-CANO'), 'Cabo de caño', 9, 492000, 4428000);
INSERT INTO venta_items (venta_id, herramienta_id, nombre_herramienta, cantidad, precio_unitario, subtotal) VALUES (80, (SELECT id FROM herramientas WHERE codigo='CF-MINI'), 'Cortafierro y punta Mini', 9, 451000, 4059000);
INSERT INTO venta_items (venta_id, herramienta_id, nombre_herramienta, cantidad, precio_unitario, subtotal) VALUES (81, (SELECT id FROM herramientas WHERE codigo='BARR-100'), 'Barreta 100', 4, 2600000, 10400000);
INSERT INTO venta_items (venta_id, herramienta_id, nombre_herramienta, cantidad, precio_unitario, subtotal) VALUES (81, (SELECT id FROM herramientas WHERE codigo='CUCH-8'), 'Cuchara 8"', 1, 900000, 900000);
INSERT INTO venta_items (venta_id, herramienta_id, nombre_herramienta, cantidad, precio_unitario, subtotal) VALUES (82, (SELECT id FROM herramientas WHERE codigo='CLAVO-M'), 'Clavos medianos', 2, 420000, 840000);
INSERT INTO venta_items (venta_id, herramienta_id, nombre_herramienta, cantidad, precio_unitario, subtotal) VALUES (82, (SELECT id FROM herramientas WHERE codigo='CF-35'), 'Cortafierro y punta N°35', 4, 950000, 3800000);
INSERT INTO venta_items (venta_id, herramienta_id, nombre_herramienta, cantidad, precio_unitario, subtotal) VALUES (83, (SELECT id FROM herramientas WHERE codigo='GRINFA-16'), 'Grinfa N°16', 9, 2296000, 20664000);
INSERT INTO venta_items (venta_id, herramienta_id, nombre_herramienta, cantidad, precio_unitario, subtotal) VALUES (84, (SELECT id FROM herramientas WHERE codigo='CF-30'), 'Cortafierro y punta N°30', 2, 850000, 1700000);
INSERT INTO venta_items (venta_id, herramienta_id, nombre_herramienta, cantidad, precio_unitario, subtotal) VALUES (85, (SELECT id FROM herramientas WHERE codigo='BALDE-ALB'), 'Balde de albañil', 5, 410000, 2050000);
INSERT INTO venta_items (venta_id, herramienta_id, nombre_herramienta, cantidad, precio_unitario, subtotal) VALUES (85, (SELECT id FROM herramientas WHERE codigo='GRINFA-25'), 'Grinfa N°25', 6, 3444000, 20664000);
INSERT INTO venta_items (venta_id, herramienta_id, nombre_herramienta, cantidad, precio_unitario, subtotal) VALUES (85, (SELECT id FROM herramientas WHERE codigo='CF-MINI'), 'Cortafierro y punta Mini', 7, 451000, 3157000);
INSERT INTO venta_items (venta_id, herramienta_id, nombre_herramienta, cantidad, precio_unitario, subtotal) VALUES (85, (SELECT id FROM herramientas WHERE codigo='PALA-MAD'), 'Palas de madera', 6, 1394000, 8364000);
INSERT INTO venta_items (venta_id, herramienta_id, nombre_herramienta, cantidad, precio_unitario, subtotal) VALUES (86, (SELECT id FROM herramientas WHERE codigo='GRINFA-25'), 'Grinfa N°25', 1, 4200000, 4200000);
INSERT INTO venta_items (venta_id, herramienta_id, nombre_herramienta, cantidad, precio_unitario, subtotal) VALUES (86, (SELECT id FROM herramientas WHERE codigo='MASA-5'), 'Masa 5 kg', 1, 3800000, 3800000);
INSERT INTO venta_items (venta_id, herramienta_id, nombre_herramienta, cantidad, precio_unitario, subtotal) VALUES (87, (SELECT id FROM herramientas WHERE codigo='TEN-12'), 'Tenaza 12"', 8, 1148000, 9184000);
INSERT INTO venta_items (venta_id, herramienta_id, nombre_herramienta, cantidad, precio_unitario, subtotal) VALUES (87, (SELECT id FROM herramientas WHERE codigo='TEN-9'), 'Tenaza 9"', 6, 902000, 5412000);
INSERT INTO venta_items (venta_id, herramienta_id, nombre_herramienta, cantidad, precio_unitario, subtotal) VALUES (88, (SELECT id FROM herramientas WHERE codigo='CF-30'), 'Cortafierro y punta N°30', 5, 850000, 4250000);
INSERT INTO venta_items (venta_id, herramienta_id, nombre_herramienta, cantidad, precio_unitario, subtotal) VALUES (88, (SELECT id FROM herramientas WHERE codigo='CLAVO-G'), 'Clavos grandes', 3, 450000, 1350000);
INSERT INTO venta_items (venta_id, herramienta_id, nombre_herramienta, cantidad, precio_unitario, subtotal) VALUES (88, (SELECT id FROM herramientas WHERE codigo='BALDE-ALB'), 'Balde de albañil', 2, 500000, 1000000);
INSERT INTO venta_items (venta_id, herramienta_id, nombre_herramienta, cantidad, precio_unitario, subtotal) VALUES (88, (SELECT id FROM herramientas WHERE codigo='RUEDA-HORM'), 'Rueda hormigonera', 3, 4500000, 13500000);
INSERT INTO venta_items (venta_id, herramienta_id, nombre_herramienta, cantidad, precio_unitario, subtotal) VALUES (89, (SELECT id FROM herramientas WHERE codigo='BARRETON-25'), 'Barretón 25', 1, 1200000, 1200000);
INSERT INTO venta_items (venta_id, herramienta_id, nombre_herramienta, cantidad, precio_unitario, subtotal) VALUES (89, (SELECT id FROM herramientas WHERE codigo='CF-MINI'), 'Cortafierro y punta Mini', 2, 550000, 1100000);
INSERT INTO venta_items (venta_id, herramienta_id, nombre_herramienta, cantidad, precio_unitario, subtotal) VALUES (89, (SELECT id FROM herramientas WHERE codigo='TEN-12'), 'Tenaza 12"', 1, 1400000, 1400000);
INSERT INTO venta_items (venta_id, herramienta_id, nombre_herramienta, cantidad, precio_unitario, subtotal) VALUES (90, (SELECT id FROM herramientas WHERE codigo='CLAVO-M'), 'Clavos medianos', 5, 420000, 2100000);
INSERT INTO venta_items (venta_id, herramienta_id, nombre_herramienta, cantidad, precio_unitario, subtotal) VALUES (90, (SELECT id FROM herramientas WHERE codigo='CF-MINI'), 'Cortafierro y punta Mini', 5, 550000, 2750000);
INSERT INTO venta_items (venta_id, herramienta_id, nombre_herramienta, cantidad, precio_unitario, subtotal) VALUES (91, (SELECT id FROM herramientas WHERE codigo='CLAVO-G'), 'Clavos grandes', 3, 369000, 1107000);
INSERT INTO venta_items (venta_id, herramienta_id, nombre_herramienta, cantidad, precio_unitario, subtotal) VALUES (92, (SELECT id FROM herramientas WHERE codigo='BARR-60'), 'Barreta 60', 11, 1312000, 14432000);
INSERT INTO venta_items (venta_id, herramienta_id, nombre_herramienta, cantidad, precio_unitario, subtotal) VALUES (92, (SELECT id FROM herramientas WHERE codigo='BARR-100'), 'Barreta 100', 11, 2132000, 23452000);
INSERT INTO venta_items (venta_id, herramienta_id, nombre_herramienta, cantidad, precio_unitario, subtotal) VALUES (92, (SELECT id FROM herramientas WHERE codigo='CLAVO-CH'), 'Clavos chicos', 5, 328000, 1640000);
INSERT INTO venta_items (venta_id, herramienta_id, nombre_herramienta, cantidad, precio_unitario, subtotal) VALUES (92, (SELECT id FROM herramientas WHERE codigo='PALA-CANO'), 'Palas de caño', 4, 1558000, 6232000);
INSERT INTO venta_items (venta_id, herramienta_id, nombre_herramienta, cantidad, precio_unitario, subtotal) VALUES (93, (SELECT id FROM herramientas WHERE codigo='CF-35'), 'Cortafierro y punta N°35', 8, 779000, 6232000);
INSERT INTO venta_items (venta_id, herramienta_id, nombre_herramienta, cantidad, precio_unitario, subtotal) VALUES (93, (SELECT id FROM herramientas WHERE codigo='HACHITA'), 'Hachita', 7, 1230000, 8610000);
INSERT INTO venta_items (venta_id, herramienta_id, nombre_herramienta, cantidad, precio_unitario, subtotal) VALUES (94, (SELECT id FROM herramientas WHERE codigo='MASA-2'), 'Masa 2 kg', 12, 1558000, 18696000);
INSERT INTO venta_items (venta_id, herramienta_id, nombre_herramienta, cantidad, precio_unitario, subtotal) VALUES (94, (SELECT id FROM herramientas WHERE codigo='MASA-114'), 'Masa 1 1/4 kg', 9, 1148000, 10332000);
INSERT INTO venta_items (venta_id, herramienta_id, nombre_herramienta, cantidad, precio_unitario, subtotal) VALUES (95, (SELECT id FROM herramientas WHERE codigo='GRINFA-25'), 'Grinfa N°25', 3, 3444000, 10332000);
INSERT INTO venta_items (venta_id, herramienta_id, nombre_herramienta, cantidad, precio_unitario, subtotal) VALUES (95, (SELECT id FROM herramientas WHERE codigo='GRINFA-8'), 'Grinfa N°8', 5, 1230000, 6150000);
INSERT INTO venta_items (venta_id, herramienta_id, nombre_herramienta, cantidad, precio_unitario, subtotal) VALUES (95, (SELECT id FROM herramientas WHERE codigo='BARRETON-25'), 'Barretón 25', 7, 984000, 6888000);
INSERT INTO venta_items (venta_id, herramienta_id, nombre_herramienta, cantidad, precio_unitario, subtotal) VALUES (95, (SELECT id FROM herramientas WHERE codigo='PALA-CANO'), 'Palas de caño', 12, 1558000, 18696000);
INSERT INTO venta_items (venta_id, herramienta_id, nombre_herramienta, cantidad, precio_unitario, subtotal) VALUES (96, (SELECT id FROM herramientas WHERE codigo='GRINFA-20'), 'Grinfa N°20', 2, 3500000, 7000000);
INSERT INTO venta_items (venta_id, herramienta_id, nombre_herramienta, cantidad, precio_unitario, subtotal) VALUES (96, (SELECT id FROM herramientas WHERE codigo='PICO'), 'Pico', 2, 2400000, 4800000);
INSERT INTO venta_items (venta_id, herramienta_id, nombre_herramienta, cantidad, precio_unitario, subtotal) VALUES (97, (SELECT id FROM herramientas WHERE codigo='PALA-CANO'), 'Palas de caño', 1, 1900000, 1900000);
INSERT INTO venta_items (venta_id, herramienta_id, nombre_herramienta, cantidad, precio_unitario, subtotal) VALUES (97, (SELECT id FROM herramientas WHERE codigo='BARRETON-25'), 'Barretón 25', 4, 1200000, 4800000);
INSERT INTO venta_items (venta_id, herramienta_id, nombre_herramienta, cantidad, precio_unitario, subtotal) VALUES (97, (SELECT id FROM herramientas WHERE codigo='BARR-80'), 'Barreta 80', 5, 2100000, 10500000);
INSERT INTO venta_items (venta_id, herramienta_id, nombre_herramienta, cantidad, precio_unitario, subtotal) VALUES (97, (SELECT id FROM herramientas WHERE codigo='GRINFA-10'), 'Grinfa N°10', 1, 1800000, 1800000);
INSERT INTO venta_items (venta_id, herramienta_id, nombre_herramienta, cantidad, precio_unitario, subtotal) VALUES (98, (SELECT id FROM herramientas WHERE codigo='CF-30'), 'Cortafierro y punta N°30', 3, 850000, 2550000);
INSERT INTO venta_items (venta_id, herramienta_id, nombre_herramienta, cantidad, precio_unitario, subtotal) VALUES (99, (SELECT id FROM herramientas WHERE codigo='TEN-9'), 'Tenaza 9"', 10, 902000, 9020000);
INSERT INTO venta_items (venta_id, herramienta_id, nombre_herramienta, cantidad, precio_unitario, subtotal) VALUES (99, (SELECT id FROM herramientas WHERE codigo='GRINFA-10'), 'Grinfa N°10', 6, 1476000, 8856000);
INSERT INTO venta_items (venta_id, herramienta_id, nombre_herramienta, cantidad, precio_unitario, subtotal) VALUES (100, (SELECT id FROM herramientas WHERE codigo='CF-25'), 'Cortafierro y punta N°25', 3, 750000, 2250000);
INSERT INTO venta_items (venta_id, herramienta_id, nombre_herramienta, cantidad, precio_unitario, subtotal) VALUES (101, (SELECT id FROM herramientas WHERE codigo='CF-MINI'), 'Cortafierro y punta Mini', 3, 550000, 1650000);
INSERT INTO venta_items (venta_id, herramienta_id, nombre_herramienta, cantidad, precio_unitario, subtotal) VALUES (101, (SELECT id FROM herramientas WHERE codigo='MASA-1'), 'Masa 1 kg', 2, 1200000, 2400000);
INSERT INTO venta_items (venta_id, herramienta_id, nombre_herramienta, cantidad, precio_unitario, subtotal) VALUES (101, (SELECT id FROM herramientas WHERE codigo='CABO-CANO'), 'Cabo de caño', 4, 600000, 2400000);
INSERT INTO venta_items (venta_id, herramienta_id, nombre_herramienta, cantidad, precio_unitario, subtotal) VALUES (102, (SELECT id FROM herramientas WHERE codigo='BARR-120'), 'Barreta 120', 2, 3100000, 6200000);
INSERT INTO venta_items (venta_id, herramienta_id, nombre_herramienta, cantidad, precio_unitario, subtotal) VALUES (102, (SELECT id FROM herramientas WHERE codigo='RUEDA-CAD'), 'Rueda cadenilla', 1, 3800000, 3800000);
INSERT INTO venta_items (venta_id, herramienta_id, nombre_herramienta, cantidad, precio_unitario, subtotal) VALUES (103, (SELECT id FROM herramientas WHERE codigo='CF-25'), 'Cortafierro y punta N°25', 4, 750000, 3000000);
INSERT INTO venta_items (venta_id, herramienta_id, nombre_herramienta, cantidad, precio_unitario, subtotal) VALUES (103, (SELECT id FROM herramientas WHERE codigo='GRINFA-10'), 'Grinfa N°10', 3, 1800000, 5400000);

-- Movimientos: producción inicial
INSERT INTO movimientos_stock (herramienta_id, fecha, tipo, cantidad, stock_resultante, motivo) VALUES ((SELECT id FROM herramientas WHERE codigo='CF-35'), '2026-02-15', 'produccion', 97, 97, 'Producción inicial');
INSERT INTO movimientos_stock (herramienta_id, fecha, tipo, cantidad, stock_resultante, motivo) VALUES ((SELECT id FROM herramientas WHERE codigo='CF-30'), '2026-02-15', 'produccion', 108, 108, 'Producción inicial');
INSERT INTO movimientos_stock (herramienta_id, fecha, tipo, cantidad, stock_resultante, motivo) VALUES ((SELECT id FROM herramientas WHERE codigo='CF-25'), '2026-02-15', 'produccion', 79, 79, 'Producción inicial');
INSERT INTO movimientos_stock (herramienta_id, fecha, tipo, cantidad, stock_resultante, motivo) VALUES ((SELECT id FROM herramientas WHERE codigo='CF-MINI'), '2026-02-15', 'produccion', 113, 113, 'Producción inicial');
INSERT INTO movimientos_stock (herramienta_id, fecha, tipo, cantidad, stock_resultante, motivo) VALUES ((SELECT id FROM herramientas WHERE codigo='MASA-1'), '2026-02-15', 'produccion', 71, 71, 'Producción inicial');
INSERT INTO movimientos_stock (herramienta_id, fecha, tipo, cantidad, stock_resultante, motivo) VALUES ((SELECT id FROM herramientas WHERE codigo='MASA-114'), '2026-02-15', 'produccion', 83, 83, 'Producción inicial');
INSERT INTO movimientos_stock (herramienta_id, fecha, tipo, cantidad, stock_resultante, motivo) VALUES ((SELECT id FROM herramientas WHERE codigo='MASA-112'), '2026-02-15', 'produccion', 68, 68, 'Producción inicial');
INSERT INTO movimientos_stock (herramienta_id, fecha, tipo, cantidad, stock_resultante, motivo) VALUES ((SELECT id FROM herramientas WHERE codigo='MASA-2'), '2026-02-15', 'produccion', 141, 141, 'Producción inicial');
INSERT INTO movimientos_stock (herramienta_id, fecha, tipo, cantidad, stock_resultante, motivo) VALUES ((SELECT id FROM herramientas WHERE codigo='MASA-5'), '2026-02-15', 'produccion', 92, 92, 'Producción inicial');
INSERT INTO movimientos_stock (herramienta_id, fecha, tipo, cantidad, stock_resultante, motivo) VALUES ((SELECT id FROM herramientas WHERE codigo='CLAVO-G'), '2026-02-15', 'produccion', 44, 44, 'Producción inicial');
INSERT INTO movimientos_stock (herramienta_id, fecha, tipo, cantidad, stock_resultante, motivo) VALUES ((SELECT id FROM herramientas WHERE codigo='CLAVO-M'), '2026-02-15', 'produccion', 60, 60, 'Producción inicial');
INSERT INTO movimientos_stock (herramienta_id, fecha, tipo, cantidad, stock_resultante, motivo) VALUES ((SELECT id FROM herramientas WHERE codigo='CLAVO-CH'), '2026-02-15', 'produccion', 101, 101, 'Producción inicial');
INSERT INTO movimientos_stock (herramienta_id, fecha, tipo, cantidad, stock_resultante, motivo) VALUES ((SELECT id FROM herramientas WHERE codigo='CUCH-7'), '2026-02-15', 'produccion', 101, 101, 'Producción inicial');
INSERT INTO movimientos_stock (herramienta_id, fecha, tipo, cantidad, stock_resultante, motivo) VALUES ((SELECT id FROM herramientas WHERE codigo='CUCH-8'), '2026-02-15', 'produccion', 116, 116, 'Producción inicial');
INSERT INTO movimientos_stock (herramienta_id, fecha, tipo, cantidad, stock_resultante, motivo) VALUES ((SELECT id FROM herramientas WHERE codigo='HACHA'), '2026-02-15', 'produccion', 42, 42, 'Producción inicial');
INSERT INTO movimientos_stock (herramienta_id, fecha, tipo, cantidad, stock_resultante, motivo) VALUES ((SELECT id FROM herramientas WHERE codigo='HACHITA'), '2026-02-15', 'produccion', 94, 94, 'Producción inicial');
INSERT INTO movimientos_stock (herramienta_id, fecha, tipo, cantidad, stock_resultante, motivo) VALUES ((SELECT id FROM herramientas WHERE codigo='PIQUETA'), '2026-02-15', 'produccion', 30, 30, 'Producción inicial');
INSERT INTO movimientos_stock (herramienta_id, fecha, tipo, cantidad, stock_resultante, motivo) VALUES ((SELECT id FROM herramientas WHERE codigo='HACHUELA'), '2026-02-15', 'produccion', 83, 83, 'Producción inicial');
INSERT INTO movimientos_stock (herramienta_id, fecha, tipo, cantidad, stock_resultante, motivo) VALUES ((SELECT id FROM herramientas WHERE codigo='BARR-60'), '2026-02-15', 'produccion', 68, 68, 'Producción inicial');
INSERT INTO movimientos_stock (herramienta_id, fecha, tipo, cantidad, stock_resultante, motivo) VALUES ((SELECT id FROM herramientas WHERE codigo='BARR-80'), '2026-02-15', 'produccion', 45, 45, 'Producción inicial');
INSERT INTO movimientos_stock (herramienta_id, fecha, tipo, cantidad, stock_resultante, motivo) VALUES ((SELECT id FROM herramientas WHERE codigo='BARR-100'), '2026-02-15', 'produccion', 60, 60, 'Producción inicial');
INSERT INTO movimientos_stock (herramienta_id, fecha, tipo, cantidad, stock_resultante, motivo) VALUES ((SELECT id FROM herramientas WHERE codigo='BARR-120'), '2026-02-15', 'produccion', 95, 95, 'Producción inicial');
INSERT INTO movimientos_stock (herramienta_id, fecha, tipo, cantidad, stock_resultante, motivo) VALUES ((SELECT id FROM herramientas WHERE codigo='BARRETON-25'), '2026-02-15', 'produccion', 106, 106, 'Producción inicial');
INSERT INTO movimientos_stock (herramienta_id, fecha, tipo, cantidad, stock_resultante, motivo) VALUES ((SELECT id FROM herramientas WHERE codigo='RUEDA-HORM'), '2026-02-15', 'produccion', 84, 84, 'Producción inicial');
INSERT INTO movimientos_stock (herramienta_id, fecha, tipo, cantidad, stock_resultante, motivo) VALUES ((SELECT id FROM herramientas WHERE codigo='RUEDA-CAD'), '2026-02-15', 'produccion', 75, 75, 'Producción inicial');
INSERT INTO movimientos_stock (herramienta_id, fecha, tipo, cantidad, stock_resultante, motivo) VALUES ((SELECT id FROM herramientas WHERE codigo='RUEDA-MAC'), '2026-02-15', 'produccion', 63, 63, 'Producción inicial');
INSERT INTO movimientos_stock (herramienta_id, fecha, tipo, cantidad, stock_resultante, motivo) VALUES ((SELECT id FROM herramientas WHERE codigo='TEN-9'), '2026-02-15', 'produccion', 123, 123, 'Producción inicial');
INSERT INTO movimientos_stock (herramienta_id, fecha, tipo, cantidad, stock_resultante, motivo) VALUES ((SELECT id FROM herramientas WHERE codigo='TEN-12'), '2026-02-15', 'produccion', 79, 79, 'Producción inicial');
INSERT INTO movimientos_stock (herramienta_id, fecha, tipo, cantidad, stock_resultante, motivo) VALUES ((SELECT id FROM herramientas WHERE codigo='GRINFA-6'), '2026-02-15', 'produccion', 94, 94, 'Producción inicial');
INSERT INTO movimientos_stock (herramienta_id, fecha, tipo, cantidad, stock_resultante, motivo) VALUES ((SELECT id FROM herramientas WHERE codigo='GRINFA-8'), '2026-02-15', 'produccion', 65, 65, 'Producción inicial');
INSERT INTO movimientos_stock (herramienta_id, fecha, tipo, cantidad, stock_resultante, motivo) VALUES ((SELECT id FROM herramientas WHERE codigo='GRINFA-10'), '2026-02-15', 'produccion', 92, 92, 'Producción inicial');
INSERT INTO movimientos_stock (herramienta_id, fecha, tipo, cantidad, stock_resultante, motivo) VALUES ((SELECT id FROM herramientas WHERE codigo='GRINFA-12'), '2026-02-15', 'produccion', 66, 66, 'Producción inicial');
INSERT INTO movimientos_stock (herramienta_id, fecha, tipo, cantidad, stock_resultante, motivo) VALUES ((SELECT id FROM herramientas WHERE codigo='GRINFA-16'), '2026-02-15', 'produccion', 95, 95, 'Producción inicial');
INSERT INTO movimientos_stock (herramienta_id, fecha, tipo, cantidad, stock_resultante, motivo) VALUES ((SELECT id FROM herramientas WHERE codigo='GRINFA-20'), '2026-02-15', 'produccion', 36, 36, 'Producción inicial');
INSERT INTO movimientos_stock (herramienta_id, fecha, tipo, cantidad, stock_resultante, motivo) VALUES ((SELECT id FROM herramientas WHERE codigo='GRINFA-25'), '2026-02-15', 'produccion', 84, 84, 'Producción inicial');
INSERT INTO movimientos_stock (herramienta_id, fecha, tipo, cantidad, stock_resultante, motivo) VALUES ((SELECT id FROM herramientas WHERE codigo='PICO'), '2026-02-15', 'produccion', 56, 56, 'Producción inicial');
INSERT INTO movimientos_stock (herramienta_id, fecha, tipo, cantidad, stock_resultante, motivo) VALUES ((SELECT id FROM herramientas WHERE codigo='PALA-CANO'), '2026-02-15', 'produccion', 67, 67, 'Producción inicial');
INSERT INTO movimientos_stock (herramienta_id, fecha, tipo, cantidad, stock_resultante, motivo) VALUES ((SELECT id FROM herramientas WHERE codigo='PALA-MAD'), '2026-02-15', 'produccion', 75, 75, 'Producción inicial');
INSERT INTO movimientos_stock (herramienta_id, fecha, tipo, cantidad, stock_resultante, motivo) VALUES ((SELECT id FROM herramientas WHERE codigo='CABO-CANO'), '2026-02-15', 'produccion', 49, 49, 'Producción inicial');
INSERT INTO movimientos_stock (herramienta_id, fecha, tipo, cantidad, stock_resultante, motivo) VALUES ((SELECT id FROM herramientas WHERE codigo='BALDE-ALB'), '2026-02-15', 'produccion', 84, 84, 'Producción inicial');
INSERT INTO movimientos_stock (herramienta_id, fecha, tipo, cantidad, stock_resultante, motivo) VALUES ((SELECT id FROM herramientas WHERE codigo='PALA-GER'), '2026-02-15', 'produccion', 62, 62, 'Producción inicial');

-- Movimientos: ventas (stock corriente)
INSERT INTO movimientos_stock (herramienta_id, fecha, tipo, cantidad, stock_resultante, venta_id) VALUES ((SELECT id FROM herramientas WHERE codigo='PALA-MAD'), '2026-03-02', 'venta', -11, 64, 76);
INSERT INTO movimientos_stock (herramienta_id, fecha, tipo, cantidad, stock_resultante, venta_id) VALUES ((SELECT id FROM herramientas WHERE codigo='GRINFA-16'), '2026-03-02', 'venta', -11, 84, 76);
INSERT INTO movimientos_stock (herramienta_id, fecha, tipo, cantidad, stock_resultante, venta_id) VALUES ((SELECT id FROM herramientas WHERE codigo='RUEDA-MAC'), '2026-03-02', 'venta', -11, 52, 76);
INSERT INTO movimientos_stock (herramienta_id, fecha, tipo, cantidad, stock_resultante, venta_id) VALUES ((SELECT id FROM herramientas WHERE codigo='TEN-12'), '2026-03-03', 'venta', -7, 72, 80);
INSERT INTO movimientos_stock (herramienta_id, fecha, tipo, cantidad, stock_resultante, venta_id) VALUES ((SELECT id FROM herramientas WHERE codigo='CF-35'), '2026-03-03', 'venta', -10, 87, 80);
INSERT INTO movimientos_stock (herramienta_id, fecha, tipo, cantidad, stock_resultante, venta_id) VALUES ((SELECT id FROM herramientas WHERE codigo='CABO-CANO'), '2026-03-03', 'venta', -9, 40, 80);
INSERT INTO movimientos_stock (herramienta_id, fecha, tipo, cantidad, stock_resultante, venta_id) VALUES ((SELECT id FROM herramientas WHERE codigo='CF-MINI'), '2026-03-03', 'venta', -9, 104, 80);
INSERT INTO movimientos_stock (herramienta_id, fecha, tipo, cantidad, stock_resultante, venta_id) VALUES ((SELECT id FROM herramientas WHERE codigo='CF-35'), '2026-03-05', 'venta', -7, 80, 45);
INSERT INTO movimientos_stock (herramienta_id, fecha, tipo, cantidad, stock_resultante, venta_id) VALUES ((SELECT id FROM herramientas WHERE codigo='BARRETON-25'), '2026-03-05', 'venta', -11, 95, 45);
INSERT INTO movimientos_stock (herramienta_id, fecha, tipo, cantidad, stock_resultante, venta_id) VALUES ((SELECT id FROM herramientas WHERE codigo='MASA-114'), '2026-03-05', 'venta', -9, 74, 45);
INSERT INTO movimientos_stock (herramienta_id, fecha, tipo, cantidad, stock_resultante, venta_id) VALUES ((SELECT id FROM herramientas WHERE codigo='PICO'), '2026-03-05', 'venta', -10, 46, 45);
INSERT INTO movimientos_stock (herramienta_id, fecha, tipo, cantidad, stock_resultante, venta_id) VALUES ((SELECT id FROM herramientas WHERE codigo='GRINFA-12'), '2026-03-06', 'venta', -4, 62, 2);
INSERT INTO movimientos_stock (herramienta_id, fecha, tipo, cantidad, stock_resultante, venta_id) VALUES ((SELECT id FROM herramientas WHERE codigo='BARR-80'), '2026-03-06', 'venta', -5, 40, 27);
INSERT INTO movimientos_stock (herramienta_id, fecha, tipo, cantidad, stock_resultante, venta_id) VALUES ((SELECT id FROM herramientas WHERE codigo='CLAVO-M'), '2026-03-06', 'venta', -9, 51, 27);
INSERT INTO movimientos_stock (herramienta_id, fecha, tipo, cantidad, stock_resultante, venta_id) VALUES ((SELECT id FROM herramientas WHERE codigo='CUCH-8'), '2026-03-06', 'venta', -4, 112, 27);
INSERT INTO movimientos_stock (herramienta_id, fecha, tipo, cantidad, stock_resultante, venta_id) VALUES ((SELECT id FROM herramientas WHERE codigo='MASA-5'), '2026-03-08', 'venta', -4, 88, 61);
INSERT INTO movimientos_stock (herramienta_id, fecha, tipo, cantidad, stock_resultante, venta_id) VALUES ((SELECT id FROM herramientas WHERE codigo='GRINFA-6'), '2026-03-11', 'venta', -7, 87, 36);
INSERT INTO movimientos_stock (herramienta_id, fecha, tipo, cantidad, stock_resultante, venta_id) VALUES ((SELECT id FROM herramientas WHERE codigo='HACHUELA'), '2026-03-11', 'venta', -7, 76, 36);
INSERT INTO movimientos_stock (herramienta_id, fecha, tipo, cantidad, stock_resultante, venta_id) VALUES ((SELECT id FROM herramientas WHERE codigo='TEN-12'), '2026-03-11', 'venta', -7, 65, 36);
INSERT INTO movimientos_stock (herramienta_id, fecha, tipo, cantidad, stock_resultante, venta_id) VALUES ((SELECT id FROM herramientas WHERE codigo='BARRETON-25'), '2026-03-11', 'venta', -5, 90, 36);
INSERT INTO movimientos_stock (herramienta_id, fecha, tipo, cantidad, stock_resultante, venta_id) VALUES ((SELECT id FROM herramientas WHERE codigo='GRINFA-12'), '2026-03-11', 'venta', -3, 59, 42);
INSERT INTO movimientos_stock (herramienta_id, fecha, tipo, cantidad, stock_resultante, venta_id) VALUES ((SELECT id FROM herramientas WHERE codigo='TEN-9'), '2026-03-14', 'venta', -11, 112, 50);
INSERT INTO movimientos_stock (herramienta_id, fecha, tipo, cantidad, stock_resultante, venta_id) VALUES ((SELECT id FROM herramientas WHERE codigo='CF-MINI'), '2026-03-14', 'venta', -3, 101, 101);
INSERT INTO movimientos_stock (herramienta_id, fecha, tipo, cantidad, stock_resultante, venta_id) VALUES ((SELECT id FROM herramientas WHERE codigo='MASA-1'), '2026-03-14', 'venta', -2, 69, 101);
INSERT INTO movimientos_stock (herramienta_id, fecha, tipo, cantidad, stock_resultante, venta_id) VALUES ((SELECT id FROM herramientas WHERE codigo='CABO-CANO'), '2026-03-14', 'venta', -4, 36, 101);
INSERT INTO movimientos_stock (herramienta_id, fecha, tipo, cantidad, stock_resultante, venta_id) VALUES ((SELECT id FROM herramientas WHERE codigo='CUCH-7'), '2026-03-16', 'venta', -7, 94, 62);
INSERT INTO movimientos_stock (herramienta_id, fecha, tipo, cantidad, stock_resultante, venta_id) VALUES ((SELECT id FROM herramientas WHERE codigo='TEN-9'), '2026-03-16', 'venta', -11, 101, 62);
INSERT INTO movimientos_stock (herramienta_id, fecha, tipo, cantidad, stock_resultante, venta_id) VALUES ((SELECT id FROM herramientas WHERE codigo='RUEDA-HORM'), '2026-03-16', 'venta', -7, 77, 62);
INSERT INTO movimientos_stock (herramienta_id, fecha, tipo, cantidad, stock_resultante, venta_id) VALUES ((SELECT id FROM herramientas WHERE codigo='BARR-60'), '2026-03-18', 'venta', -11, 57, 92);
INSERT INTO movimientos_stock (herramienta_id, fecha, tipo, cantidad, stock_resultante, venta_id) VALUES ((SELECT id FROM herramientas WHERE codigo='BARR-100'), '2026-03-18', 'venta', -11, 49, 92);
INSERT INTO movimientos_stock (herramienta_id, fecha, tipo, cantidad, stock_resultante, venta_id) VALUES ((SELECT id FROM herramientas WHERE codigo='CLAVO-CH'), '2026-03-18', 'venta', -5, 96, 92);
INSERT INTO movimientos_stock (herramienta_id, fecha, tipo, cantidad, stock_resultante, venta_id) VALUES ((SELECT id FROM herramientas WHERE codigo='PALA-CANO'), '2026-03-18', 'venta', -4, 63, 92);
INSERT INTO movimientos_stock (herramienta_id, fecha, tipo, cantidad, stock_resultante, venta_id) VALUES ((SELECT id FROM herramientas WHERE codigo='RUEDA-HORM'), '2026-03-19', 'venta', -5, 72, 23);
INSERT INTO movimientos_stock (herramienta_id, fecha, tipo, cantidad, stock_resultante, venta_id) VALUES ((SELECT id FROM herramientas WHERE codigo='CF-30'), '2026-03-19', 'venta', -5, 103, 23);
INSERT INTO movimientos_stock (herramienta_id, fecha, tipo, cantidad, stock_resultante, venta_id) VALUES ((SELECT id FROM herramientas WHERE codigo='CABO-CANO'), '2026-03-19', 'venta', -4, 32, 23);
INSERT INTO movimientos_stock (herramienta_id, fecha, tipo, cantidad, stock_resultante, venta_id) VALUES ((SELECT id FROM herramientas WHERE codigo='RUEDA-CAD'), '2026-03-19', 'venta', -4, 71, 23);
INSERT INTO movimientos_stock (herramienta_id, fecha, tipo, cantidad, stock_resultante, venta_id) VALUES ((SELECT id FROM herramientas WHERE codigo='RUEDA-HORM'), '2026-03-20', 'venta', -5, 67, 58);
INSERT INTO movimientos_stock (herramienta_id, fecha, tipo, cantidad, stock_resultante, venta_id) VALUES ((SELECT id FROM herramientas WHERE codigo='MASA-5'), '2026-03-20', 'venta', -12, 76, 58);
INSERT INTO movimientos_stock (herramienta_id, fecha, tipo, cantidad, stock_resultante, venta_id) VALUES ((SELECT id FROM herramientas WHERE codigo='MASA-2'), '2026-03-20', 'venta', -6, 135, 58);
INSERT INTO movimientos_stock (herramienta_id, fecha, tipo, cantidad, stock_resultante, venta_id) VALUES ((SELECT id FROM herramientas WHERE codigo='BARR-80'), '2026-03-20', 'venta', -10, 30, 58);
INSERT INTO movimientos_stock (herramienta_id, fecha, tipo, cantidad, stock_resultante, venta_id) VALUES ((SELECT id FROM herramientas WHERE codigo='CF-25'), '2026-03-20', 'venta', -3, 76, 100);
INSERT INTO movimientos_stock (herramienta_id, fecha, tipo, cantidad, stock_resultante, venta_id) VALUES ((SELECT id FROM herramientas WHERE codigo='BARR-100'), '2026-03-23', 'venta', -4, 45, 81);
INSERT INTO movimientos_stock (herramienta_id, fecha, tipo, cantidad, stock_resultante, venta_id) VALUES ((SELECT id FROM herramientas WHERE codigo='CUCH-8'), '2026-03-23', 'venta', -1, 111, 81);
INSERT INTO movimientos_stock (herramienta_id, fecha, tipo, cantidad, stock_resultante, venta_id) VALUES ((SELECT id FROM herramientas WHERE codigo='MASA-5'), '2026-03-24', 'venta', -1, 75, 71);
INSERT INTO movimientos_stock (herramienta_id, fecha, tipo, cantidad, stock_resultante, venta_id) VALUES ((SELECT id FROM herramientas WHERE codigo='CF-30'), '2026-03-25', 'venta', -4, 99, 53);
INSERT INTO movimientos_stock (herramienta_id, fecha, tipo, cantidad, stock_resultante, venta_id) VALUES ((SELECT id FROM herramientas WHERE codigo='TEN-12'), '2026-03-28', 'venta', -8, 57, 87);
INSERT INTO movimientos_stock (herramienta_id, fecha, tipo, cantidad, stock_resultante, venta_id) VALUES ((SELECT id FROM herramientas WHERE codigo='TEN-9'), '2026-03-28', 'venta', -6, 95, 87);
INSERT INTO movimientos_stock (herramienta_id, fecha, tipo, cantidad, stock_resultante, venta_id) VALUES ((SELECT id FROM herramientas WHERE codigo='GRINFA-20'), '2026-04-01', 'venta', -2, 34, 96);
INSERT INTO movimientos_stock (herramienta_id, fecha, tipo, cantidad, stock_resultante, venta_id) VALUES ((SELECT id FROM herramientas WHERE codigo='PICO'), '2026-04-01', 'venta', -2, 44, 96);
INSERT INTO movimientos_stock (herramienta_id, fecha, tipo, cantidad, stock_resultante, venta_id) VALUES ((SELECT id FROM herramientas WHERE codigo='RUEDA-HORM'), '2026-04-02', 'venta', -11, 56, 68);
INSERT INTO movimientos_stock (herramienta_id, fecha, tipo, cantidad, stock_resultante, venta_id) VALUES ((SELECT id FROM herramientas WHERE codigo='PALA-CANO'), '2026-04-02', 'venta', -9, 54, 68);
INSERT INTO movimientos_stock (herramienta_id, fecha, tipo, cantidad, stock_resultante, venta_id) VALUES ((SELECT id FROM herramientas WHERE codigo='PIQUETA'), '2026-04-03', 'venta', -1, 29, 20);
INSERT INTO movimientos_stock (herramienta_id, fecha, tipo, cantidad, stock_resultante, venta_id) VALUES ((SELECT id FROM herramientas WHERE codigo='MASA-112'), '2026-04-03', 'venta', -5, 63, 20);
INSERT INTO movimientos_stock (herramienta_id, fecha, tipo, cantidad, stock_resultante, venta_id) VALUES ((SELECT id FROM herramientas WHERE codigo='MASA-2'), '2026-04-03', 'venta', -3, 132, 28);
INSERT INTO movimientos_stock (herramienta_id, fecha, tipo, cantidad, stock_resultante, venta_id) VALUES ((SELECT id FROM herramientas WHERE codigo='CF-MINI'), '2026-04-03', 'venta', -3, 98, 28);
INSERT INTO movimientos_stock (herramienta_id, fecha, tipo, cantidad, stock_resultante, venta_id) VALUES ((SELECT id FROM herramientas WHERE codigo='RUEDA-CAD'), '2026-04-03', 'venta', -3, 68, 28);
INSERT INTO movimientos_stock (herramienta_id, fecha, tipo, cantidad, stock_resultante, venta_id) VALUES ((SELECT id FROM herramientas WHERE codigo='PALA-GER'), '2026-04-03', 'venta', -3, 59, 28);
INSERT INTO movimientos_stock (herramienta_id, fecha, tipo, cantidad, stock_resultante, venta_id) VALUES ((SELECT id FROM herramientas WHERE codigo='PALA-CANO'), '2026-04-05', 'venta', -2, 52, 5);
INSERT INTO movimientos_stock (herramienta_id, fecha, tipo, cantidad, stock_resultante, venta_id) VALUES ((SELECT id FROM herramientas WHERE codigo='BARRETON-25'), '2026-04-05', 'venta', -4, 86, 5);
INSERT INTO movimientos_stock (herramienta_id, fecha, tipo, cantidad, stock_resultante, venta_id) VALUES ((SELECT id FROM herramientas WHERE codigo='PICO'), '2026-04-05', 'venta', -5, 39, 5);
INSERT INTO movimientos_stock (herramienta_id, fecha, tipo, cantidad, stock_resultante, venta_id) VALUES ((SELECT id FROM herramientas WHERE codigo='BARR-100'), '2026-04-05', 'venta', -1, 44, 5);
INSERT INTO movimientos_stock (herramienta_id, fecha, tipo, cantidad, stock_resultante, venta_id) VALUES ((SELECT id FROM herramientas WHERE codigo='RUEDA-HORM'), '2026-04-05', 'venta', -4, 52, 79);
INSERT INTO movimientos_stock (herramienta_id, fecha, tipo, cantidad, stock_resultante, venta_id) VALUES ((SELECT id FROM herramientas WHERE codigo='BARR-120'), '2026-04-05', 'venta', -10, 85, 79);
INSERT INTO movimientos_stock (herramienta_id, fecha, tipo, cantidad, stock_resultante, venta_id) VALUES ((SELECT id FROM herramientas WHERE codigo='PALA-CANO'), '2026-04-05', 'venta', -9, 43, 79);
INSERT INTO movimientos_stock (herramienta_id, fecha, tipo, cantidad, stock_resultante, venta_id) VALUES ((SELECT id FROM herramientas WHERE codigo='BARR-80'), '2026-04-06', 'venta', -5, 25, 54);
INSERT INTO movimientos_stock (herramienta_id, fecha, tipo, cantidad, stock_resultante, venta_id) VALUES ((SELECT id FROM herramientas WHERE codigo='CUCH-8'), '2026-04-06', 'venta', -2, 109, 54);
INSERT INTO movimientos_stock (herramienta_id, fecha, tipo, cantidad, stock_resultante, venta_id) VALUES ((SELECT id FROM herramientas WHERE codigo='HACHITA'), '2026-04-07', 'venta', -1, 93, 63);
INSERT INTO movimientos_stock (herramienta_id, fecha, tipo, cantidad, stock_resultante, venta_id) VALUES ((SELECT id FROM herramientas WHERE codigo='BARR-120'), '2026-04-07', 'venta', -1, 84, 63);
INSERT INTO movimientos_stock (herramienta_id, fecha, tipo, cantidad, stock_resultante, venta_id) VALUES ((SELECT id FROM herramientas WHERE codigo='HACHUELA'), '2026-04-07', 'venta', -5, 71, 63);
INSERT INTO movimientos_stock (herramienta_id, fecha, tipo, cantidad, stock_resultante, venta_id) VALUES ((SELECT id FROM herramientas WHERE codigo='BARR-60'), '2026-04-09', 'venta', -2, 55, 66);
INSERT INTO movimientos_stock (herramienta_id, fecha, tipo, cantidad, stock_resultante, venta_id) VALUES ((SELECT id FROM herramientas WHERE codigo='CF-25'), '2026-04-09', 'venta', -1, 75, 66);
INSERT INTO movimientos_stock (herramienta_id, fecha, tipo, cantidad, stock_resultante, venta_id) VALUES ((SELECT id FROM herramientas WHERE codigo='HACHA'), '2026-04-10', 'venta', -3, 39, 38);
INSERT INTO movimientos_stock (herramienta_id, fecha, tipo, cantidad, stock_resultante, venta_id) VALUES ((SELECT id FROM herramientas WHERE codigo='CUCH-8'), '2026-04-10', 'venta', -4, 105, 38);
INSERT INTO movimientos_stock (herramienta_id, fecha, tipo, cantidad, stock_resultante, venta_id) VALUES ((SELECT id FROM herramientas WHERE codigo='RUEDA-CAD'), '2026-04-10', 'venta', -2, 66, 38);
INSERT INTO movimientos_stock (herramienta_id, fecha, tipo, cantidad, stock_resultante, venta_id) VALUES ((SELECT id FROM herramientas WHERE codigo='CF-25'), '2026-04-15', 'venta', -5, 70, 67);
INSERT INTO movimientos_stock (herramienta_id, fecha, tipo, cantidad, stock_resultante, venta_id) VALUES ((SELECT id FROM herramientas WHERE codigo='CUCH-7'), '2026-04-15', 'venta', -5, 89, 67);
INSERT INTO movimientos_stock (herramienta_id, fecha, tipo, cantidad, stock_resultante, venta_id) VALUES ((SELECT id FROM herramientas WHERE codigo='BARR-120'), '2026-04-15', 'venta', -4, 80, 67);
INSERT INTO movimientos_stock (herramienta_id, fecha, tipo, cantidad, stock_resultante, venta_id) VALUES ((SELECT id FROM herramientas WHERE codigo='HACHUELA'), '2026-04-16', 'venta', -1, 70, 21);
INSERT INTO movimientos_stock (herramienta_id, fecha, tipo, cantidad, stock_resultante, venta_id) VALUES ((SELECT id FROM herramientas WHERE codigo='GRINFA-25'), '2026-04-16', 'venta', -4, 80, 21);
INSERT INTO movimientos_stock (herramienta_id, fecha, tipo, cantidad, stock_resultante, venta_id) VALUES ((SELECT id FROM herramientas WHERE codigo='BALDE-ALB'), '2026-04-16', 'venta', -1, 83, 21);
INSERT INTO movimientos_stock (herramienta_id, fecha, tipo, cantidad, stock_resultante, venta_id) VALUES ((SELECT id FROM herramientas WHERE codigo='CLAVO-G'), '2026-04-18', 'venta', -3, 41, 57);
INSERT INTO movimientos_stock (herramienta_id, fecha, tipo, cantidad, stock_resultante, venta_id) VALUES ((SELECT id FROM herramientas WHERE codigo='BARR-120'), '2026-04-18', 'venta', -4, 76, 57);
INSERT INTO movimientos_stock (herramienta_id, fecha, tipo, cantidad, stock_resultante, venta_id) VALUES ((SELECT id FROM herramientas WHERE codigo='MASA-2'), '2026-04-19', 'venta', -10, 122, 52);
INSERT INTO movimientos_stock (herramienta_id, fecha, tipo, cantidad, stock_resultante, venta_id) VALUES ((SELECT id FROM herramientas WHERE codigo='CUCH-7'), '2026-04-22', 'venta', -3, 86, 33);
INSERT INTO movimientos_stock (herramienta_id, fecha, tipo, cantidad, stock_resultante, venta_id) VALUES ((SELECT id FROM herramientas WHERE codigo='CF-MINI'), '2026-04-22', 'venta', -7, 91, 33);
INSERT INTO movimientos_stock (herramienta_id, fecha, tipo, cantidad, stock_resultante, venta_id) VALUES ((SELECT id FROM herramientas WHERE codigo='PIQUETA'), '2026-04-23', 'venta', -2, 27, 29);
INSERT INTO movimientos_stock (herramienta_id, fecha, tipo, cantidad, stock_resultante, venta_id) VALUES ((SELECT id FROM herramientas WHERE codigo='CF-35'), '2026-04-26', 'venta', -12, 68, 17);
INSERT INTO movimientos_stock (herramienta_id, fecha, tipo, cantidad, stock_resultante, venta_id) VALUES ((SELECT id FROM herramientas WHERE codigo='CF-30'), '2026-04-26', 'venta', -12, 87, 17);
INSERT INTO movimientos_stock (herramienta_id, fecha, tipo, cantidad, stock_resultante, venta_id) VALUES ((SELECT id FROM herramientas WHERE codigo='PIQUETA'), '2026-04-26', 'venta', -3, 24, 17);
INSERT INTO movimientos_stock (herramienta_id, fecha, tipo, cantidad, stock_resultante, venta_id) VALUES ((SELECT id FROM herramientas WHERE codigo='CF-35'), '2026-04-26', 'venta', -8, 60, 93);
INSERT INTO movimientos_stock (herramienta_id, fecha, tipo, cantidad, stock_resultante, venta_id) VALUES ((SELECT id FROM herramientas WHERE codigo='HACHITA'), '2026-04-26', 'venta', -7, 86, 93);
INSERT INTO movimientos_stock (herramienta_id, fecha, tipo, cantidad, stock_resultante, venta_id) VALUES ((SELECT id FROM herramientas WHERE codigo='PALA-GER'), '2026-04-29', 'venta', -6, 53, 46);
INSERT INTO movimientos_stock (herramienta_id, fecha, tipo, cantidad, stock_resultante, venta_id) VALUES ((SELECT id FROM herramientas WHERE codigo='CF-30'), '2026-05-01', 'venta', -4, 83, 39);
INSERT INTO movimientos_stock (herramienta_id, fecha, tipo, cantidad, stock_resultante, venta_id) VALUES ((SELECT id FROM herramientas WHERE codigo='MASA-112'), '2026-05-01', 'venta', -5, 58, 39);
INSERT INTO movimientos_stock (herramienta_id, fecha, tipo, cantidad, stock_resultante, venta_id) VALUES ((SELECT id FROM herramientas WHERE codigo='GRINFA-16'), '2026-05-01', 'venta', -9, 75, 83);
INSERT INTO movimientos_stock (herramienta_id, fecha, tipo, cantidad, stock_resultante, venta_id) VALUES ((SELECT id FROM herramientas WHERE codigo='BARRETON-25'), '2026-05-02', 'venta', -1, 85, 89);
INSERT INTO movimientos_stock (herramienta_id, fecha, tipo, cantidad, stock_resultante, venta_id) VALUES ((SELECT id FROM herramientas WHERE codigo='CF-MINI'), '2026-05-02', 'venta', -2, 89, 89);
INSERT INTO movimientos_stock (herramienta_id, fecha, tipo, cantidad, stock_resultante, venta_id) VALUES ((SELECT id FROM herramientas WHERE codigo='TEN-12'), '2026-05-02', 'venta', -1, 56, 89);
INSERT INTO movimientos_stock (herramienta_id, fecha, tipo, cantidad, stock_resultante, venta_id) VALUES ((SELECT id FROM herramientas WHERE codigo='CF-MINI'), '2026-05-03', 'venta', -6, 83, 37);
INSERT INTO movimientos_stock (herramienta_id, fecha, tipo, cantidad, stock_resultante, venta_id) VALUES ((SELECT id FROM herramientas WHERE codigo='MASA-2'), '2026-05-03', 'venta', -4, 118, 37);
INSERT INTO movimientos_stock (herramienta_id, fecha, tipo, cantidad, stock_resultante, venta_id) VALUES ((SELECT id FROM herramientas WHERE codigo='CF-35'), '2026-05-03', 'venta', -11, 49, 40);
INSERT INTO movimientos_stock (herramienta_id, fecha, tipo, cantidad, stock_resultante, venta_id) VALUES ((SELECT id FROM herramientas WHERE codigo='TEN-9'), '2026-05-04', 'venta', -10, 85, 99);
INSERT INTO movimientos_stock (herramienta_id, fecha, tipo, cantidad, stock_resultante, venta_id) VALUES ((SELECT id FROM herramientas WHERE codigo='GRINFA-10'), '2026-05-04', 'venta', -6, 86, 99);
INSERT INTO movimientos_stock (herramienta_id, fecha, tipo, cantidad, stock_resultante, venta_id) VALUES ((SELECT id FROM herramientas WHERE codigo='CABO-CANO'), '2026-05-05', 'venta', -1, 31, 34);
INSERT INTO movimientos_stock (herramienta_id, fecha, tipo, cantidad, stock_resultante, venta_id) VALUES ((SELECT id FROM herramientas WHERE codigo='TEN-12'), '2026-05-05', 'venta', -2, 54, 34);
INSERT INTO movimientos_stock (herramienta_id, fecha, tipo, cantidad, stock_resultante, venta_id) VALUES ((SELECT id FROM herramientas WHERE codigo='GRINFA-16'), '2026-05-05', 'venta', -6, 69, 69);
INSERT INTO movimientos_stock (herramienta_id, fecha, tipo, cantidad, stock_resultante, venta_id) VALUES ((SELECT id FROM herramientas WHERE codigo='PIQUETA'), '2026-05-05', 'venta', -6, 18, 69);
INSERT INTO movimientos_stock (herramienta_id, fecha, tipo, cantidad, stock_resultante, venta_id) VALUES ((SELECT id FROM herramientas WHERE codigo='BARRETON-25'), '2026-05-06', 'venta', -5, 80, 11);
INSERT INTO movimientos_stock (herramienta_id, fecha, tipo, cantidad, stock_resultante, venta_id) VALUES ((SELECT id FROM herramientas WHERE codigo='PICO'), '2026-05-06', 'venta', -5, 34, 11);
INSERT INTO movimientos_stock (herramienta_id, fecha, tipo, cantidad, stock_resultante, venta_id) VALUES ((SELECT id FROM herramientas WHERE codigo='MASA-2'), '2026-05-11', 'venta', -12, 106, 94);
INSERT INTO movimientos_stock (herramienta_id, fecha, tipo, cantidad, stock_resultante, venta_id) VALUES ((SELECT id FROM herramientas WHERE codigo='MASA-114'), '2026-05-11', 'venta', -9, 65, 94);
INSERT INTO movimientos_stock (herramienta_id, fecha, tipo, cantidad, stock_resultante, venta_id) VALUES ((SELECT id FROM herramientas WHERE codigo='BARR-120'), '2026-05-14', 'venta', -1, 75, 74);
INSERT INTO movimientos_stock (herramienta_id, fecha, tipo, cantidad, stock_resultante, venta_id) VALUES ((SELECT id FROM herramientas WHERE codigo='CUCH-8'), '2026-05-14', 'venta', -4, 101, 74);
INSERT INTO movimientos_stock (herramienta_id, fecha, tipo, cantidad, stock_resultante, venta_id) VALUES ((SELECT id FROM herramientas WHERE codigo='CLAVO-CH'), '2026-05-14', 'venta', -5, 91, 74);
INSERT INTO movimientos_stock (herramienta_id, fecha, tipo, cantidad, stock_resultante, venta_id) VALUES ((SELECT id FROM herramientas WHERE codigo='PALA-CANO'), '2026-05-14', 'venta', -4, 39, 74);
INSERT INTO movimientos_stock (herramienta_id, fecha, tipo, cantidad, stock_resultante, venta_id) VALUES ((SELECT id FROM herramientas WHERE codigo='GRINFA-25'), '2026-05-14', 'venta', -1, 79, 86);
INSERT INTO movimientos_stock (herramienta_id, fecha, tipo, cantidad, stock_resultante, venta_id) VALUES ((SELECT id FROM herramientas WHERE codigo='MASA-5'), '2026-05-14', 'venta', -1, 74, 86);
INSERT INTO movimientos_stock (herramienta_id, fecha, tipo, cantidad, stock_resultante, venta_id) VALUES ((SELECT id FROM herramientas WHERE codigo='MASA-1'), '2026-05-16', 'venta', -4, 65, 75);
INSERT INTO movimientos_stock (herramienta_id, fecha, tipo, cantidad, stock_resultante, venta_id) VALUES ((SELECT id FROM herramientas WHERE codigo='GRINFA-8'), '2026-05-17', 'venta', -5, 60, 14);
INSERT INTO movimientos_stock (herramienta_id, fecha, tipo, cantidad, stock_resultante, venta_id) VALUES ((SELECT id FROM herramientas WHERE codigo='MASA-112'), '2026-05-17', 'venta', -2, 56, 14);
INSERT INTO movimientos_stock (herramienta_id, fecha, tipo, cantidad, stock_resultante, venta_id) VALUES ((SELECT id FROM herramientas WHERE codigo='CLAVO-M'), '2026-05-17', 'venta', -2, 49, 82);
INSERT INTO movimientos_stock (herramienta_id, fecha, tipo, cantidad, stock_resultante, venta_id) VALUES ((SELECT id FROM herramientas WHERE codigo='CF-35'), '2026-05-17', 'venta', -4, 45, 82);
INSERT INTO movimientos_stock (herramienta_id, fecha, tipo, cantidad, stock_resultante, venta_id) VALUES ((SELECT id FROM herramientas WHERE codigo='TEN-12'), '2026-05-19', 'venta', -6, 48, 13);
INSERT INTO movimientos_stock (herramienta_id, fecha, tipo, cantidad, stock_resultante, venta_id) VALUES ((SELECT id FROM herramientas WHERE codigo='GRINFA-12'), '2026-05-19', 'venta', -7, 52, 13);
INSERT INTO movimientos_stock (herramienta_id, fecha, tipo, cantidad, stock_resultante, venta_id) VALUES ((SELECT id FROM herramientas WHERE codigo='GRINFA-16'), '2026-05-19', 'venta', -2, 67, 55);
INSERT INTO movimientos_stock (herramienta_id, fecha, tipo, cantidad, stock_resultante, venta_id) VALUES ((SELECT id FROM herramientas WHERE codigo='BALDE-ALB'), '2026-05-19', 'venta', -2, 81, 55);
INSERT INTO movimientos_stock (herramienta_id, fecha, tipo, cantidad, stock_resultante, venta_id) VALUES ((SELECT id FROM herramientas WHERE codigo='MASA-1'), '2026-05-19', 'venta', -5, 60, 55);
INSERT INTO movimientos_stock (herramienta_id, fecha, tipo, cantidad, stock_resultante, venta_id) VALUES ((SELECT id FROM herramientas WHERE codigo='TEN-9'), '2026-05-20', 'venta', -1, 84, 49);
INSERT INTO movimientos_stock (herramienta_id, fecha, tipo, cantidad, stock_resultante, venta_id) VALUES ((SELECT id FROM herramientas WHERE codigo='BARR-80'), '2026-05-20', 'venta', -2, 23, 49);
INSERT INTO movimientos_stock (herramienta_id, fecha, tipo, cantidad, stock_resultante, venta_id) VALUES ((SELECT id FROM herramientas WHERE codigo='CF-MINI'), '2026-05-20', 'venta', -1, 82, 49);
INSERT INTO movimientos_stock (herramienta_id, fecha, tipo, cantidad, stock_resultante, venta_id) VALUES ((SELECT id FROM herramientas WHERE codigo='CF-25'), '2026-05-20', 'venta', -4, 66, 103);
INSERT INTO movimientos_stock (herramienta_id, fecha, tipo, cantidad, stock_resultante, venta_id) VALUES ((SELECT id FROM herramientas WHERE codigo='GRINFA-10'), '2026-05-20', 'venta', -3, 83, 103);
INSERT INTO movimientos_stock (herramienta_id, fecha, tipo, cantidad, stock_resultante, venta_id) VALUES ((SELECT id FROM herramientas WHERE codigo='CLAVO-G'), '2026-05-24', 'venta', -4, 37, 26);
INSERT INTO movimientos_stock (herramienta_id, fecha, tipo, cantidad, stock_resultante, venta_id) VALUES ((SELECT id FROM herramientas WHERE codigo='BARR-60'), '2026-05-24', 'venta', -5, 50, 26);
INSERT INTO movimientos_stock (herramienta_id, fecha, tipo, cantidad, stock_resultante, venta_id) VALUES ((SELECT id FROM herramientas WHERE codigo='BARRETON-25'), '2026-05-24', 'venta', -5, 75, 26);
INSERT INTO movimientos_stock (herramienta_id, fecha, tipo, cantidad, stock_resultante, venta_id) VALUES ((SELECT id FROM herramientas WHERE codigo='RUEDA-CAD'), '2026-05-26', 'venta', -1, 65, 70);
INSERT INTO movimientos_stock (herramienta_id, fecha, tipo, cantidad, stock_resultante, venta_id) VALUES ((SELECT id FROM herramientas WHERE codigo='CF-MINI'), '2026-05-27', 'venta', -4, 78, 9);
INSERT INTO movimientos_stock (herramienta_id, fecha, tipo, cantidad, stock_resultante, venta_id) VALUES ((SELECT id FROM herramientas WHERE codigo='PALA-GER'), '2026-05-27', 'venta', -5, 48, 9);
INSERT INTO movimientos_stock (herramienta_id, fecha, tipo, cantidad, stock_resultante, venta_id) VALUES ((SELECT id FROM herramientas WHERE codigo='MASA-5'), '2026-05-27', 'venta', -4, 70, 9);
INSERT INTO movimientos_stock (herramienta_id, fecha, tipo, cantidad, stock_resultante, venta_id) VALUES ((SELECT id FROM herramientas WHERE codigo='RUEDA-CAD'), '2026-05-27', 'venta', -5, 60, 9);
INSERT INTO movimientos_stock (herramienta_id, fecha, tipo, cantidad, stock_resultante, venta_id) VALUES ((SELECT id FROM herramientas WHERE codigo='MASA-2'), '2026-05-28', 'venta', -9, 97, 16);
INSERT INTO movimientos_stock (herramienta_id, fecha, tipo, cantidad, stock_resultante, venta_id) VALUES ((SELECT id FROM herramientas WHERE codigo='CUCH-8'), '2026-05-28', 'venta', -11, 90, 16);
INSERT INTO movimientos_stock (herramienta_id, fecha, tipo, cantidad, stock_resultante, venta_id) VALUES ((SELECT id FROM herramientas WHERE codigo='GRINFA-12'), '2026-05-28', 'venta', -6, 46, 16);
INSERT INTO movimientos_stock (herramienta_id, fecha, tipo, cantidad, stock_resultante, venta_id) VALUES ((SELECT id FROM herramientas WHERE codigo='PIQUETA'), '2026-05-28', 'venta', -3, 15, 77);
INSERT INTO movimientos_stock (herramienta_id, fecha, tipo, cantidad, stock_resultante, venta_id) VALUES ((SELECT id FROM herramientas WHERE codigo='GRINFA-10'), '2026-05-30', 'venta', -8, 75, 41);
INSERT INTO movimientos_stock (herramienta_id, fecha, tipo, cantidad, stock_resultante, venta_id) VALUES ((SELECT id FROM herramientas WHERE codigo='TEN-12'), '2026-05-30', 'venta', -7, 41, 41);
INSERT INTO movimientos_stock (herramienta_id, fecha, tipo, cantidad, stock_resultante, venta_id) VALUES ((SELECT id FROM herramientas WHERE codigo='BALDE-ALB'), '2026-05-30', 'venta', -6, 75, 41);
INSERT INTO movimientos_stock (herramienta_id, fecha, tipo, cantidad, stock_resultante, venta_id) VALUES ((SELECT id FROM herramientas WHERE codigo='PALA-GER'), '2026-06-03', 'venta', -12, 36, 64);
INSERT INTO movimientos_stock (herramienta_id, fecha, tipo, cantidad, stock_resultante, venta_id) VALUES ((SELECT id FROM herramientas WHERE codigo='RUEDA-HORM'), '2026-06-03', 'venta', -6, 46, 64);
INSERT INTO movimientos_stock (herramienta_id, fecha, tipo, cantidad, stock_resultante, venta_id) VALUES ((SELECT id FROM herramientas WHERE codigo='MASA-114'), '2026-06-03', 'venta', -12, 53, 64);
INSERT INTO movimientos_stock (herramienta_id, fecha, tipo, cantidad, stock_resultante, venta_id) VALUES ((SELECT id FROM herramientas WHERE codigo='CF-30'), '2026-06-04', 'venta', -3, 80, 98);
INSERT INTO movimientos_stock (herramienta_id, fecha, tipo, cantidad, stock_resultante, venta_id) VALUES ((SELECT id FROM herramientas WHERE codigo='BARRETON-25'), '2026-06-06', 'venta', -3, 72, 65);
INSERT INTO movimientos_stock (herramienta_id, fecha, tipo, cantidad, stock_resultante, venta_id) VALUES ((SELECT id FROM herramientas WHERE codigo='GRINFA-12'), '2026-06-06', 'venta', -12, 34, 65);
INSERT INTO movimientos_stock (herramienta_id, fecha, tipo, cantidad, stock_resultante, venta_id) VALUES ((SELECT id FROM herramientas WHERE codigo='CF-MINI'), '2026-06-09', 'venta', -3, 75, 15);
INSERT INTO movimientos_stock (herramienta_id, fecha, tipo, cantidad, stock_resultante, venta_id) VALUES ((SELECT id FROM herramientas WHERE codigo='CLAVO-CH'), '2026-06-09', 'venta', -2, 89, 15);
INSERT INTO movimientos_stock (herramienta_id, fecha, tipo, cantidad, stock_resultante, venta_id) VALUES ((SELECT id FROM herramientas WHERE codigo='CUCH-7'), '2026-06-09', 'venta', -1, 85, 15);
INSERT INTO movimientos_stock (herramienta_id, fecha, tipo, cantidad, stock_resultante, venta_id) VALUES ((SELECT id FROM herramientas WHERE codigo='CF-30'), '2026-06-09', 'venta', -2, 78, 78);
INSERT INTO movimientos_stock (herramienta_id, fecha, tipo, cantidad, stock_resultante, venta_id) VALUES ((SELECT id FROM herramientas WHERE codigo='GRINFA-8'), '2026-06-09', 'venta', -2, 58, 78);
INSERT INTO movimientos_stock (herramienta_id, fecha, tipo, cantidad, stock_resultante, venta_id) VALUES ((SELECT id FROM herramientas WHERE codigo='CABO-CANO'), '2026-06-15', 'venta', -1, 30, 35);
INSERT INTO movimientos_stock (herramienta_id, fecha, tipo, cantidad, stock_resultante, venta_id) VALUES ((SELECT id FROM herramientas WHERE codigo='PALA-GER'), '2026-06-15', 'venta', -4, 32, 35);
INSERT INTO movimientos_stock (herramienta_id, fecha, tipo, cantidad, stock_resultante, venta_id) VALUES ((SELECT id FROM herramientas WHERE codigo='MASA-2'), '2026-06-15', 'venta', -1, 96, 35);
INSERT INTO movimientos_stock (herramienta_id, fecha, tipo, cantidad, stock_resultante, venta_id) VALUES ((SELECT id FROM herramientas WHERE codigo='GRINFA-25'), '2026-06-15', 'venta', -3, 76, 95);
INSERT INTO movimientos_stock (herramienta_id, fecha, tipo, cantidad, stock_resultante, venta_id) VALUES ((SELECT id FROM herramientas WHERE codigo='GRINFA-8'), '2026-06-15', 'venta', -5, 53, 95);
INSERT INTO movimientos_stock (herramienta_id, fecha, tipo, cantidad, stock_resultante, venta_id) VALUES ((SELECT id FROM herramientas WHERE codigo='BARRETON-25'), '2026-06-15', 'venta', -7, 65, 95);
INSERT INTO movimientos_stock (herramienta_id, fecha, tipo, cantidad, stock_resultante, venta_id) VALUES ((SELECT id FROM herramientas WHERE codigo='PALA-CANO'), '2026-06-15', 'venta', -12, 27, 95);
INSERT INTO movimientos_stock (herramienta_id, fecha, tipo, cantidad, stock_resultante, venta_id) VALUES ((SELECT id FROM herramientas WHERE codigo='CUCH-8'), '2026-06-16', 'venta', -3, 87, 12);
INSERT INTO movimientos_stock (herramienta_id, fecha, tipo, cantidad, stock_resultante, venta_id) VALUES ((SELECT id FROM herramientas WHERE codigo='MASA-5'), '2026-06-16', 'venta', -3, 67, 25);
INSERT INTO movimientos_stock (herramienta_id, fecha, tipo, cantidad, stock_resultante, venta_id) VALUES ((SELECT id FROM herramientas WHERE codigo='BALDE-ALB'), '2026-06-16', 'venta', -2, 73, 25);
INSERT INTO movimientos_stock (herramienta_id, fecha, tipo, cantidad, stock_resultante, venta_id) VALUES ((SELECT id FROM herramientas WHERE codigo='MASA-114'), '2026-06-16', 'venta', -2, 51, 25);
INSERT INTO movimientos_stock (herramienta_id, fecha, tipo, cantidad, stock_resultante, venta_id) VALUES ((SELECT id FROM herramientas WHERE codigo='GRINFA-16'), '2026-06-16', 'venta', -4, 63, 25);
INSERT INTO movimientos_stock (herramienta_id, fecha, tipo, cantidad, stock_resultante, venta_id) VALUES ((SELECT id FROM herramientas WHERE codigo='PICO'), '2026-06-17', 'venta', -2, 32, 18);
INSERT INTO movimientos_stock (herramienta_id, fecha, tipo, cantidad, stock_resultante, venta_id) VALUES ((SELECT id FROM herramientas WHERE codigo='BALDE-ALB'), '2026-06-17', 'venta', -5, 68, 85);
INSERT INTO movimientos_stock (herramienta_id, fecha, tipo, cantidad, stock_resultante, venta_id) VALUES ((SELECT id FROM herramientas WHERE codigo='GRINFA-25'), '2026-06-17', 'venta', -6, 70, 85);
INSERT INTO movimientos_stock (herramienta_id, fecha, tipo, cantidad, stock_resultante, venta_id) VALUES ((SELECT id FROM herramientas WHERE codigo='CF-MINI'), '2026-06-17', 'venta', -7, 68, 85);
INSERT INTO movimientos_stock (herramienta_id, fecha, tipo, cantidad, stock_resultante, venta_id) VALUES ((SELECT id FROM herramientas WHERE codigo='PALA-MAD'), '2026-06-17', 'venta', -6, 58, 85);
INSERT INTO movimientos_stock (herramienta_id, fecha, tipo, cantidad, stock_resultante, venta_id) VALUES ((SELECT id FROM herramientas WHERE codigo='BARR-100'), '2026-06-19', 'venta', -6, 38, 10);
INSERT INTO movimientos_stock (herramienta_id, fecha, tipo, cantidad, stock_resultante, venta_id) VALUES ((SELECT id FROM herramientas WHERE codigo='CF-MINI'), '2026-06-19', 'venta', -11, 57, 10);
INSERT INTO movimientos_stock (herramienta_id, fecha, tipo, cantidad, stock_resultante, venta_id) VALUES ((SELECT id FROM herramientas WHERE codigo='MASA-1'), '2026-06-19', 'venta', -3, 57, 10);
INSERT INTO movimientos_stock (herramienta_id, fecha, tipo, cantidad, stock_resultante, venta_id) VALUES ((SELECT id FROM herramientas WHERE codigo='PICO'), '2026-06-19', 'venta', -5, 27, 10);
INSERT INTO movimientos_stock (herramienta_id, fecha, tipo, cantidad, stock_resultante, venta_id) VALUES ((SELECT id FROM herramientas WHERE codigo='CF-30'), '2026-06-19', 'venta', -2, 76, 84);
INSERT INTO movimientos_stock (herramienta_id, fecha, tipo, cantidad, stock_resultante, venta_id) VALUES ((SELECT id FROM herramientas WHERE codigo='MASA-1'), '2026-06-20', 'venta', -5, 52, 19);
INSERT INTO movimientos_stock (herramienta_id, fecha, tipo, cantidad, stock_resultante, venta_id) VALUES ((SELECT id FROM herramientas WHERE codigo='HACHITA'), '2026-06-20', 'venta', -12, 74, 19);
INSERT INTO movimientos_stock (herramienta_id, fecha, tipo, cantidad, stock_resultante, venta_id) VALUES ((SELECT id FROM herramientas WHERE codigo='GRINFA-10'), '2026-06-20', 'venta', -3, 72, 19);
INSERT INTO movimientos_stock (herramienta_id, fecha, tipo, cantidad, stock_resultante, venta_id) VALUES ((SELECT id FROM herramientas WHERE codigo='PICO'), '2026-06-20', 'venta', -4, 23, 19);
INSERT INTO movimientos_stock (herramienta_id, fecha, tipo, cantidad, stock_resultante, venta_id) VALUES ((SELECT id FROM herramientas WHERE codigo='CF-30'), '2026-06-20', 'venta', -5, 71, 88);
INSERT INTO movimientos_stock (herramienta_id, fecha, tipo, cantidad, stock_resultante, venta_id) VALUES ((SELECT id FROM herramientas WHERE codigo='CLAVO-G'), '2026-06-20', 'venta', -3, 34, 88);
INSERT INTO movimientos_stock (herramienta_id, fecha, tipo, cantidad, stock_resultante, venta_id) VALUES ((SELECT id FROM herramientas WHERE codigo='BALDE-ALB'), '2026-06-20', 'venta', -2, 66, 88);
INSERT INTO movimientos_stock (herramienta_id, fecha, tipo, cantidad, stock_resultante, venta_id) VALUES ((SELECT id FROM herramientas WHERE codigo='RUEDA-HORM'), '2026-06-20', 'venta', -3, 43, 88);
INSERT INTO movimientos_stock (herramienta_id, fecha, tipo, cantidad, stock_resultante, venta_id) VALUES ((SELECT id FROM herramientas WHERE codigo='PALA-CANO'), '2026-06-21', 'venta', -1, 26, 97);
INSERT INTO movimientos_stock (herramienta_id, fecha, tipo, cantidad, stock_resultante, venta_id) VALUES ((SELECT id FROM herramientas WHERE codigo='BARRETON-25'), '2026-06-21', 'venta', -4, 61, 97);
INSERT INTO movimientos_stock (herramienta_id, fecha, tipo, cantidad, stock_resultante, venta_id) VALUES ((SELECT id FROM herramientas WHERE codigo='BARR-80'), '2026-06-21', 'venta', -5, 18, 97);
INSERT INTO movimientos_stock (herramienta_id, fecha, tipo, cantidad, stock_resultante, venta_id) VALUES ((SELECT id FROM herramientas WHERE codigo='GRINFA-10'), '2026-06-21', 'venta', -1, 71, 97);
INSERT INTO movimientos_stock (herramienta_id, fecha, tipo, cantidad, stock_resultante, venta_id) VALUES ((SELECT id FROM herramientas WHERE codigo='PALA-CANO'), '2026-06-22', 'venta', -3, 23, 4);
INSERT INTO movimientos_stock (herramienta_id, fecha, tipo, cantidad, stock_resultante, venta_id) VALUES ((SELECT id FROM herramientas WHERE codigo='CLAVO-CH'), '2026-06-22', 'venta', -4, 85, 4);
INSERT INTO movimientos_stock (herramienta_id, fecha, tipo, cantidad, stock_resultante, venta_id) VALUES ((SELECT id FROM herramientas WHERE codigo='CLAVO-M'), '2026-06-22', 'venta', -1, 48, 4);
INSERT INTO movimientos_stock (herramienta_id, fecha, tipo, cantidad, stock_resultante, venta_id) VALUES ((SELECT id FROM herramientas WHERE codigo='PALA-GER'), '2026-06-22', 'venta', -5, 27, 4);
INSERT INTO movimientos_stock (herramienta_id, fecha, tipo, cantidad, stock_resultante, venta_id) VALUES ((SELECT id FROM herramientas WHERE codigo='GRINFA-16'), '2026-06-22', 'venta', -1, 62, 30);
INSERT INTO movimientos_stock (herramienta_id, fecha, tipo, cantidad, stock_resultante, venta_id) VALUES ((SELECT id FROM herramientas WHERE codigo='MASA-112'), '2026-06-22', 'venta', -1, 55, 30);
INSERT INTO movimientos_stock (herramienta_id, fecha, tipo, cantidad, stock_resultante, venta_id) VALUES ((SELECT id FROM herramientas WHERE codigo='PICO'), '2026-06-22', 'venta', -4, 19, 30);
INSERT INTO movimientos_stock (herramienta_id, fecha, tipo, cantidad, stock_resultante, venta_id) VALUES ((SELECT id FROM herramientas WHERE codigo='CLAVO-M'), '2026-06-22', 'venta', -5, 43, 90);
INSERT INTO movimientos_stock (herramienta_id, fecha, tipo, cantidad, stock_resultante, venta_id) VALUES ((SELECT id FROM herramientas WHERE codigo='CF-MINI'), '2026-06-22', 'venta', -5, 52, 90);
INSERT INTO movimientos_stock (herramienta_id, fecha, tipo, cantidad, stock_resultante, venta_id) VALUES ((SELECT id FROM herramientas WHERE codigo='MASA-114'), '2026-06-23', 'venta', -3, 48, 56);
INSERT INTO movimientos_stock (herramienta_id, fecha, tipo, cantidad, stock_resultante, venta_id) VALUES ((SELECT id FROM herramientas WHERE codigo='CF-35'), '2026-06-23', 'venta', -3, 42, 56);
INSERT INTO movimientos_stock (herramienta_id, fecha, tipo, cantidad, stock_resultante, venta_id) VALUES ((SELECT id FROM herramientas WHERE codigo='CF-25'), '2026-06-25', 'venta', -12, 54, 48);
INSERT INTO movimientos_stock (herramienta_id, fecha, tipo, cantidad, stock_resultante, venta_id) VALUES ((SELECT id FROM herramientas WHERE codigo='GRINFA-16'), '2026-06-26', 'venta', -4, 58, 60);
INSERT INTO movimientos_stock (herramienta_id, fecha, tipo, cantidad, stock_resultante, venta_id) VALUES ((SELECT id FROM herramientas WHERE codigo='CLAVO-G'), '2026-06-26', 'venta', -3, 31, 91);
INSERT INTO movimientos_stock (herramienta_id, fecha, tipo, cantidad, stock_resultante, venta_id) VALUES ((SELECT id FROM herramientas WHERE codigo='BARR-120'), '2026-06-26', 'venta', -2, 73, 102);
INSERT INTO movimientos_stock (herramienta_id, fecha, tipo, cantidad, stock_resultante, venta_id) VALUES ((SELECT id FROM herramientas WHERE codigo='RUEDA-CAD'), '2026-06-26', 'venta', -1, 59, 102);
INSERT INTO movimientos_stock (herramienta_id, fecha, tipo, cantidad, stock_resultante, venta_id) VALUES ((SELECT id FROM herramientas WHERE codigo='MASA-114'), '2026-06-27', 'venta', -3, 45, 43);
INSERT INTO movimientos_stock (herramienta_id, fecha, tipo, cantidad, stock_resultante, venta_id) VALUES ((SELECT id FROM herramientas WHERE codigo='CF-35'), '2026-06-27', 'venta', -5, 37, 43);
INSERT INTO movimientos_stock (herramienta_id, fecha, tipo, cantidad, stock_resultante, venta_id) VALUES ((SELECT id FROM herramientas WHERE codigo='CUCH-7'), '2026-06-27', 'venta', -4, 81, 72);
INSERT INTO movimientos_stock (herramienta_id, fecha, tipo, cantidad, stock_resultante, venta_id) VALUES ((SELECT id FROM herramientas WHERE codigo='CF-35'), '2026-06-27', 'venta', -2, 35, 72);
INSERT INTO movimientos_stock (herramienta_id, fecha, tipo, cantidad, stock_resultante, venta_id) VALUES ((SELECT id FROM herramientas WHERE codigo='RUEDA-HORM'), '2026-06-27', 'venta', -3, 40, 72);
INSERT INTO movimientos_stock (herramienta_id, fecha, tipo, cantidad, stock_resultante, venta_id) VALUES ((SELECT id FROM herramientas WHERE codigo='BARR-80'), '2026-06-27', 'venta', -2, 16, 72);
INSERT INTO movimientos_stock (herramienta_id, fecha, tipo, cantidad, stock_resultante, venta_id) VALUES ((SELECT id FROM herramientas WHERE codigo='GRINFA-6'), '2026-06-28', 'venta', -2, 85, 6);
INSERT INTO movimientos_stock (herramienta_id, fecha, tipo, cantidad, stock_resultante, venta_id) VALUES ((SELECT id FROM herramientas WHERE codigo='TEN-12'), '2026-06-29', 'venta', -4, 37, 73);
INSERT INTO movimientos_stock (herramienta_id, fecha, tipo, cantidad, stock_resultante, venta_id) VALUES ((SELECT id FROM herramientas WHERE codigo='GRINFA-6'), '2026-07-02', 'venta', -1, 84, 51);
INSERT INTO movimientos_stock (herramienta_id, fecha, tipo, cantidad, stock_resultante, venta_id) VALUES ((SELECT id FROM herramientas WHERE codigo='HACHITA'), '2026-07-02', 'venta', -4, 70, 51);
INSERT INTO movimientos_stock (herramienta_id, fecha, tipo, cantidad, stock_resultante, venta_id) VALUES ((SELECT id FROM herramientas WHERE codigo='CABO-CANO'), '2026-07-03', 'venta', -5, 25, 44);
INSERT INTO movimientos_stock (herramienta_id, fecha, tipo, cantidad, stock_resultante, venta_id) VALUES ((SELECT id FROM herramientas WHERE codigo='GRINFA-8'), '2026-07-03', 'venta', -2, 51, 44);
INSERT INTO movimientos_stock (herramienta_id, fecha, tipo, cantidad, stock_resultante, venta_id) VALUES ((SELECT id FROM herramientas WHERE codigo='MASA-2'), '2026-07-03', 'venta', -5, 91, 44);
INSERT INTO movimientos_stock (herramienta_id, fecha, tipo, cantidad, stock_resultante, venta_id) VALUES ((SELECT id FROM herramientas WHERE codigo='CUCH-8'), '2026-07-04', 'venta', -5, 82, 24);
INSERT INTO movimientos_stock (herramienta_id, fecha, tipo, cantidad, stock_resultante, venta_id) VALUES ((SELECT id FROM herramientas WHERE codigo='MASA-2'), '2026-07-04', 'venta', -2, 89, 24);
INSERT INTO movimientos_stock (herramienta_id, fecha, tipo, cantidad, stock_resultante, venta_id) VALUES ((SELECT id FROM herramientas WHERE codigo='BARRETON-25'), '2026-07-07', 'venta', -3, 58, 7);
INSERT INTO movimientos_stock (herramienta_id, fecha, tipo, cantidad, stock_resultante, venta_id) VALUES ((SELECT id FROM herramientas WHERE codigo='CF-MINI'), '2026-07-11', 'venta', -3, 49, 32);
INSERT INTO movimientos_stock (herramienta_id, fecha, tipo, cantidad, stock_resultante, venta_id) VALUES ((SELECT id FROM herramientas WHERE codigo='MASA-2'), '2026-07-11', 'venta', -1, 88, 32);
INSERT INTO movimientos_stock (herramienta_id, fecha, tipo, cantidad, stock_resultante, venta_id) VALUES ((SELECT id FROM herramientas WHERE codigo='BALDE-ALB'), '2026-07-11', 'venta', -1, 65, 32);
INSERT INTO movimientos_stock (herramienta_id, fecha, tipo, cantidad, stock_resultante, venta_id) VALUES ((SELECT id FROM herramientas WHERE codigo='CLAVO-G'), '2026-07-11', 'venta', -3, 28, 32);
INSERT INTO movimientos_stock (herramienta_id, fecha, tipo, cantidad, stock_resultante, venta_id) VALUES ((SELECT id FROM herramientas WHERE codigo='TEN-9'), '2026-07-13', 'venta', -1, 83, 59);
INSERT INTO movimientos_stock (herramienta_id, fecha, tipo, cantidad, stock_resultante, venta_id) VALUES ((SELECT id FROM herramientas WHERE codigo='CF-25'), '2026-07-16', 'venta', -4, 50, 47);
INSERT INTO movimientos_stock (herramienta_id, fecha, tipo, cantidad, stock_resultante, venta_id) VALUES ((SELECT id FROM herramientas WHERE codigo='BARRETON-25'), '2026-07-17', 'venta', -3, 55, 31);
INSERT INTO movimientos_stock (herramienta_id, fecha, tipo, cantidad, stock_resultante, venta_id) VALUES ((SELECT id FROM herramientas WHERE codigo='CF-MINI'), '2026-07-18', 'venta', -2, 47, 8);
INSERT INTO movimientos_stock (herramienta_id, fecha, tipo, cantidad, stock_resultante, venta_id) VALUES ((SELECT id FROM herramientas WHERE codigo='GRINFA-12'), '2026-07-18', 'venta', -1, 33, 8);
INSERT INTO movimientos_stock (herramienta_id, fecha, tipo, cantidad, stock_resultante, venta_id) VALUES ((SELECT id FROM herramientas WHERE codigo='HACHA'), '2026-07-18', 'venta', -4, 35, 22);
INSERT INTO movimientos_stock (herramienta_id, fecha, tipo, cantidad, stock_resultante, venta_id) VALUES ((SELECT id FROM herramientas WHERE codigo='MASA-2'), '2026-07-20', 'venta', -3, 85, 1);
INSERT INTO movimientos_stock (herramienta_id, fecha, tipo, cantidad, stock_resultante, venta_id) VALUES ((SELECT id FROM herramientas WHERE codigo='CUCH-8'), '2026-07-20', 'venta', -3, 79, 3);
INSERT INTO movimientos_stock (herramienta_id, fecha, tipo, cantidad, stock_resultante, venta_id) VALUES ((SELECT id FROM herramientas WHERE codigo='TEN-12'), '2026-07-20', 'venta', -4, 33, 3);
INSERT INTO movimientos_stock (herramienta_id, fecha, tipo, cantidad, stock_resultante, venta_id) VALUES ((SELECT id FROM herramientas WHERE codigo='GRINFA-16'), '2026-07-20', 'venta', -1, 57, 3);
INSERT INTO movimientos_stock (herramienta_id, fecha, tipo, cantidad, stock_resultante, venta_id) VALUES ((SELECT id FROM herramientas WHERE codigo='GRINFA-12'), '2026-07-20', 'venta', -2, 31, 3);

-- Pagos
INSERT INTO pagos (cliente_id, venta_id, fecha, monto, medio) VALUES (1, 2, '2026-03-06', 3608000, 'transferencia');
INSERT INTO pagos (cliente_id, venta_id, fecha, monto, medio) VALUES (2, 4, '2026-06-22', 18220000, 'efectivo');
INSERT INTO pagos (cliente_id, venta_id, fecha, monto, medio) VALUES (2, 5, '2026-04-05', 23200000, 'efectivo');
INSERT INTO pagos (cliente_id, venta_id, fecha, monto, medio) VALUES (3, 6, '2026-06-28', 1300000, 'efectivo');
INSERT INTO pagos (cliente_id, venta_id, fecha, monto, medio) VALUES (3, 7, '2026-07-07', 3600000, 'efectivo');
INSERT INTO pagos (cliente_id, venta_id, fecha, monto, medio) VALUES (4, 8, '2026-07-18', 3300000, 'cheque');
INSERT INTO pagos (cliente_id, venta_id, fecha, monto, medio) VALUES (4, 9, '2026-05-27', 46900000, 'cheque');
INSERT INTO pagos (cliente_id, venta_id, fecha, monto, medio) VALUES (5, 11, '2026-05-06', 18000000, 'efectivo');
INSERT INTO pagos (cliente_id, venta_id, fecha, monto, medio) VALUES (6, 12, '2026-06-16', 2700000, 'transferencia');
INSERT INTO pagos (cliente_id, venta_id, fecha, monto, medio) VALUES (6, 13, '2026-05-19', 19516000, 'cheque');
INSERT INTO pagos (cliente_id, venta_id, fecha, monto, medio) VALUES (7, 16, '2026-05-28', 29997240, 'cheque');
INSERT INTO pagos (cliente_id, venta_id, fecha, monto, medio) VALUES (7, 17, '2026-04-26', 19926000, 'transferencia');
INSERT INTO pagos (cliente_id, venta_id, fecha, monto, medio) VALUES (8, 18, '2026-06-17', 2400000, 'cheque');
INSERT INTO pagos (cliente_id, venta_id, fecha, monto, medio) VALUES (8, 19, '2026-06-20', 15990000, 'cheque');
INSERT INTO pagos (cliente_id, venta_id, fecha, monto, medio) VALUES (9, 21, '2026-04-16', 9450000, 'transferencia');
INSERT INTO pagos (cliente_id, venta_id, fecha, monto, medio) VALUES (10, 22, '2026-07-18', 8800000, 'transferencia');
INSERT INTO pagos (cliente_id, venta_id, fecha, monto, medio) VALUES (11, 24, '2026-07-04', 4150000, 'efectivo');
INSERT INTO pagos (cliente_id, venta_id, fecha, monto, medio) VALUES (12, 28, '2026-04-03', 25050000, 'transferencia');
INSERT INTO pagos (cliente_id, venta_id, fecha, monto, medio) VALUES (15, 34, '2026-05-05', 1700000, 'cheque');
INSERT INTO pagos (cliente_id, venta_id, fecha, monto, medio) VALUES (15, 35, '2026-06-15', 10900000, 'efectivo');
INSERT INTO pagos (cliente_id, venta_id, fecha, monto, medio) VALUES (16, 36, '2026-03-11', 14801000, 'efectivo');
INSERT INTO pagos (cliente_id, venta_id, fecha, monto, medio) VALUES (16, 37, '2026-05-03', 4469000, 'cheque');
INSERT INTO pagos (cliente_id, venta_id, fecha, monto, medio) VALUES (17, 38, '2026-04-10', 17800000, 'transferencia');
INSERT INTO pagos (cliente_id, venta_id, fecha, monto, medio) VALUES (17, 39, '2026-05-01', 5700000, 'efectivo');
INSERT INTO pagos (cliente_id, venta_id, fecha, monto, medio) VALUES (18, 40, '2026-05-03', 8569000, 'transferencia');
INSERT INTO pagos (cliente_id, venta_id, fecha, monto, medio) VALUES (18, 41, '2026-05-30', 11152000, 'efectivo');
INSERT INTO pagos (cliente_id, venta_id, fecha, monto, medio) VALUES (18, 42, '2026-03-11', 3300000, 'efectivo');
INSERT INTO pagos (cliente_id, venta_id, fecha, monto, medio) VALUES (19, 43, '2026-06-27', 8950000, 'efectivo');
INSERT INTO pagos (cliente_id, venta_id, fecha, monto, medio) VALUES (20, 44, '2026-07-03', 7750000, 'efectivo');
INSERT INTO pagos (cliente_id, venta_id, fecha, monto, medio) VALUES (20, 45, '2026-03-05', 23144500, 'efectivo');
INSERT INTO pagos (cliente_id, venta_id, fecha, monto, medio) VALUES (21, 46, '2026-04-29', 9505440, 'transferencia');
INSERT INTO pagos (cliente_id, venta_id, fecha, monto, medio) VALUES (22, 47, '2026-07-16', 3000000, 'efectivo');
INSERT INTO pagos (cliente_id, venta_id, fecha, monto, medio) VALUES (23, 49, '2026-05-20', 5850000, 'transferencia');
INSERT INTO pagos (cliente_id, venta_id, fecha, monto, medio) VALUES (23, 50, '2026-03-14', 4961000, 'transferencia');
INSERT INTO pagos (cliente_id, venta_id, fecha, monto, medio) VALUES (23, 51, '2026-07-02', 3650000, 'efectivo');
INSERT INTO pagos (cliente_id, venta_id, fecha, monto, medio) VALUES (24, 52, '2026-04-19', 15580000, 'efectivo');
INSERT INTO pagos (cliente_id, venta_id, fecha, monto, medio) VALUES (24, 53, '2026-03-25', 2788000, 'cheque');
INSERT INTO pagos (cliente_id, venta_id, fecha, monto, medio) VALUES (24, 54, '2026-04-06', 12300000, 'cheque');
INSERT INTO pagos (cliente_id, venta_id, fecha, monto, medio) VALUES (26, 56, '2026-06-23', 7050000, 'cheque');
INSERT INTO pagos (cliente_id, venta_id, fecha, monto, medio) VALUES (27, 57, '2026-04-18', 13750000, 'cheque');
INSERT INTO pagos (cliente_id, venta_id, fecha, monto, medio) VALUES (29, 60, '2026-06-26', 5600000, 'transferencia');
INSERT INTO pagos (cliente_id, venta_id, fecha, monto, medio) VALUES (30, 62, '2026-03-16', 18961680, 'transferencia');
INSERT INTO pagos (cliente_id, venta_id, fecha, monto, medio) VALUES (30, 63, '2026-04-07', 12600000, 'cheque');
INSERT INTO pagos (cliente_id, venta_id, fecha, monto, medio) VALUES (30, 64, '2026-06-03', 56580000, 'efectivo');
INSERT INTO pagos (cliente_id, venta_id, fecha, monto, medio) VALUES (31, 65, '2026-06-06', 22632000, 'cheque');
INSERT INTO pagos (cliente_id, venta_id, fecha, monto, medio) VALUES (31, 66, '2026-04-09', 3950000, 'efectivo');
INSERT INTO pagos (cliente_id, venta_id, fecha, monto, medio) VALUES (31, 67, '2026-04-15', 20150000, 'transferencia');
INSERT INTO pagos (cliente_id, venta_id, fecha, monto, medio) VALUES (32, 68, '2026-04-02', 27306000, 'transferencia');
INSERT INTO pagos (cliente_id, venta_id, fecha, monto, medio) VALUES (33, 71, '2026-03-24', 1900000, 'cheque');
INSERT INTO pagos (cliente_id, venta_id, fecha, monto, medio) VALUES (35, 73, '2026-06-29', 5600000, 'transferencia');
INSERT INTO pagos (cliente_id, venta_id, fecha, monto, medio) VALUES (35, 74, '2026-05-14', 16300000, 'cheque');
INSERT INTO pagos (cliente_id, venta_id, fecha, monto, medio) VALUES (35, 75, '2026-05-16', 2400000, 'efectivo');
INSERT INTO pagos (cliente_id, venta_id, fecha, monto, medio) VALUES (36, 76, '2026-03-02', 87494000, 'efectivo');
INSERT INTO pagos (cliente_id, venta_id, fecha, monto, medio) VALUES (36, 77, '2026-05-28', 4428000, 'transferencia');
INSERT INTO pagos (cliente_id, venta_id, fecha, monto, medio) VALUES (37, 78, '2026-06-09', 4700000, 'cheque');
INSERT INTO pagos (cliente_id, venta_id, fecha, monto, medio) VALUES (38, 80, '2026-03-03', 24313000, 'efectivo');
INSERT INTO pagos (cliente_id, venta_id, fecha, monto, medio) VALUES (39, 81, '2026-03-23', 5085000, 'efectivo');
INSERT INTO pagos (cliente_id, venta_id, fecha, monto, medio) VALUES (40, 82, '2026-05-17', 2134400, 'transferencia');
INSERT INTO pagos (cliente_id, venta_id, fecha, monto, medio) VALUES (40, 83, '2026-05-01', 10332000, 'transferencia');
INSERT INTO pagos (cliente_id, venta_id, fecha, monto, medio) VALUES (41, 84, '2026-06-19', 850000, 'cheque');
INSERT INTO pagos (cliente_id, venta_id, fecha, monto, medio) VALUES (41, 85, '2026-06-17', 32523250, 'transferencia');
INSERT INTO pagos (cliente_id, venta_id, fecha, monto, medio) VALUES (41, 86, '2026-05-14', 8000000, 'transferencia');
INSERT INTO pagos (cliente_id, venta_id, fecha, monto, medio) VALUES (42, 87, '2026-03-28', 7298000, 'efectivo');
INSERT INTO pagos (cliente_id, venta_id, fecha, monto, medio) VALUES (43, 88, '2026-06-20', 20100000, 'transferencia');
INSERT INTO pagos (cliente_id, venta_id, fecha, monto, medio) VALUES (43, 89, '2026-05-02', 1850000, 'efectivo');
INSERT INTO pagos (cliente_id, venta_id, fecha, monto, medio) VALUES (44, 90, '2026-06-22', 2182500, 'transferencia');
INSERT INTO pagos (cliente_id, venta_id, fecha, monto, medio) VALUES (44, 91, '2026-06-26', 1107000, 'efectivo');
INSERT INTO pagos (cliente_id, venta_id, fecha, monto, medio) VALUES (46, 93, '2026-04-26', 7421000, 'transferencia');
INSERT INTO pagos (cliente_id, venta_id, fecha, monto, medio) VALUES (46, 94, '2026-05-11', 26705760, 'efectivo');
INSERT INTO pagos (cliente_id, venta_id, fecha, monto, medio) VALUES (46, 95, '2026-06-15', 42066000, 'efectivo');
INSERT INTO pagos (cliente_id, venta_id, fecha, monto, medio) VALUES (47, 96, '2026-04-01', 11800000, 'efectivo');
INSERT INTO pagos (cliente_id, venta_id, fecha, monto, medio) VALUES (47, 97, '2026-06-21', 9500000, 'cheque');
INSERT INTO pagos (cliente_id, venta_id, fecha, monto, medio) VALUES (47, 98, '2026-06-04', 1275000, 'efectivo');
INSERT INTO pagos (cliente_id, venta_id, fecha, monto, medio) VALUES (48, 99, '2026-05-04', 17876000, 'cheque');
INSERT INTO pagos (cliente_id, venta_id, fecha, monto, medio) VALUES (49, 100, '2026-03-20', 1125000, 'efectivo');
INSERT INTO pagos (cliente_id, venta_id, fecha, monto, medio) VALUES (50, 103, '2026-05-20', 8400000, 'cheque');
INSERT INTO pagos (cliente_id, venta_id, fecha, monto, medio) VALUES (46, NULL, '2026-04-23', 1296300, 'transferencia');
INSERT INTO pagos (cliente_id, venta_id, fecha, monto, medio) VALUES (23, NULL, '2026-05-20', 1645600, 'transferencia');
INSERT INTO pagos (cliente_id, venta_id, fecha, monto, medio) VALUES (26, NULL, '2026-07-12', 979600, 'transferencia');
INSERT INTO pagos (cliente_id, venta_id, fecha, monto, medio) VALUES (26, NULL, '2026-05-11', 1061100, 'transferencia');
INSERT INTO pagos (cliente_id, venta_id, fecha, monto, medio) VALUES (12, NULL, '2026-04-11', 914600, 'transferencia');
INSERT INTO pagos (cliente_id, venta_id, fecha, monto, medio) VALUES (49, NULL, '2026-03-04', 1975900, 'transferencia');
